-- phpMyAdmin SQL Dump
-- version 4.8.3
-- https://www.phpmyadmin.net/
--
-- Servidor: 127.0.0.1:3306
-- Tiempo de generación: 17-11-2018 a las 23:37:48
-- Versión del servidor: 5.7.23
-- Versión de PHP: 5.6.38

SET SQL_MODE = "NO_AUTO_VALUE_ON_ZERO";
SET AUTOCOMMIT = 0;
START TRANSACTION;
SET time_zone = "+00:00";


/*!40101 SET @OLD_CHARACTER_SET_CLIENT=@@CHARACTER_SET_CLIENT */;
/*!40101 SET @OLD_CHARACTER_SET_RESULTS=@@CHARACTER_SET_RESULTS */;
/*!40101 SET @OLD_COLLATION_CONNECTION=@@COLLATION_CONNECTION */;
/*!40101 SET NAMES*/;

--
-- Base de datos: `base_telefonos`
--

-- --------------------------------------------------------

--
-- Estructura de tabla para la tabla `departamentos`
--

DROP TABLE IF EXISTS `departamentos`;
CREATE TABLE IF NOT EXISTS `departamentos` (
  `id_dep` int(5) NOT NULL,
  `nombre_dep` varchar(60) NOT NULL
) ENGINE=MyISAM DEFAULT CHARSET=latin1;

--
-- Volcado de datos para la tabla `departamentos`
--

INSERT INTO `departamentos` (`id_dep`, `nombre_dep`) VALUES
(1, 'Corpen Aike'),
(2, 'Desado'),
(3, 'Guer Aike'),
(4, 'Lago Argentino'),
(5, 'Lago Buenos Aires'),
(6, 'Magallanes '),
(7, 'Rio Chico');

-- --------------------------------------------------------

--
-- Estructura de tabla para la tabla `localidades`
--

DROP TABLE IF EXISTS `localidades`;
CREATE TABLE IF NOT EXISTS `localidades` (
  `id_localidad` int(6) NOT NULL AUTO_INCREMENT,
  `localidad` varchar(60) NOT NULL,
  `tipo_localidad` int(6) NOT NULL,
  `dep_localidad` int(6) NOT NULL,
  PRIMARY KEY (`id_localidad`)
) ENGINE=MyISAM AUTO_INCREMENT=35 DEFAULT CHARSET=latin1;

--
-- Volcado de datos para la tabla `localidades`
--

INSERT INTO `localidades` (`id_localidad`, `localidad`, `tipo_localidad`, `dep_localidad`) VALUES
(1, '28 de noviembre ', 2, 3),
(2, 'Bajo Caracoles', 5, 7),
(3, 'Bella Vista', 5, 6),
(4, 'Caleta Olivia', 2, 2),
(5, 'Cañadon Seco', 3, 2),
(6, 'El Calafate', 2, 4),
(7, 'El Chalten', 2, 4),
(8, 'Estancia Camusu Aike', 5, 3),
(9, 'Estancia el Condor', 5, 3),
(10, 'Estancia Glencross', 5, 3),
(11, 'Estancia Las Vegas ', 5, 3),
(12, 'Fitz Roy', 3, 2),
(13, 'Fuentes El Coyle', 5, 1),
(14, 'Gobernador Gregores', 2, 7),
(15, 'Hipolito Yrigoyen ', 3, 7),
(16, 'Jaramillo', 3, 2),
(17, 'Julia DouFour', 4, 3),
(18, 'Koluel Kaike', 3, 2),
(19, 'Lago Posadas', 5, 7),
(20, 'Las Heras', 2, 2),
(21, 'Los Antiguos ', 2, 5),
(22, 'Perito Moreno', 2, 5),
(23, 'Pico Truncado', 2, 2),
(24, 'Piedrabuena ', 2, 1),
(25, 'Puerto Deseado', 2, 2),
(26, 'Puerto San Julian', 2, 6),
(27, 'Puerto Santa Cruz', 2, 1),
(28, 'Ramon Santos', 5, 2),
(29, 'Rio Gallegos', 1, 3),
(30, 'Rio Turbio', 2, 3),
(31, 'Rospentek', 5, 3),
(32, 'San Ramon ', 5, 1),
(33, 'Tellier', 5, 2),
(34, 'Tres lagos', 3, 4);

-- --------------------------------------------------------

--
-- Estructura de tabla para la tabla `numeros`
--

DROP TABLE IF EXISTS `numeros`;
CREATE TABLE IF NOT EXISTS `numeros` (
  `id_numero` int(12) NOT NULL AUTO_INCREMENT,
  `lugar_numero` int(30) NOT NULL,
  `numero_numero` bigint(30) NOT NULL,
  PRIMARY KEY (`id_numero`)
) ENGINE=MyISAM AUTO_INCREMENT=1248 DEFAULT CHARSET=utf8;

--
-- Volcado de datos para la tabla `numeros`
--

INSERT INTO `numeros` (`id_numero`, `lugar_numero`, `numero_numero`) VALUES
(740, 1, 2902482075),
(741, 2, 2902482121),
(742, 3, 2902482103),
(743, 4, 2902482055),
(744, 5, 2902482078),
(745, 6, 2902482400),
(746, 7, 2902482210),
(747, 8, 2902482073),
(748, 9, 2902482078),
(749, 10, 2902482022),
(750, 12, 2966422291),
(751, 13, 0),
(752, 14, 2974851230),
(753, 15, 2974851285),
(754, 16, 2974851389),
(755, 17, 2974852889),
(756, 18, 2974856320),
(757, 19, 2974856988),
(758, 20, 2974851200),
(759, 21, 2974857241),
(760, 22, 2974859340),
(761, 23, 2974859410),
(762, 24, 2974837165),
(763, 25, 2974831551),
(764, 26, 2974851666),
(765, 27, 2974830521),
(766, 28, 2974850300),
(767, 29, 2974851852),
(768, 30, 2974854477),
(769, 31, 2974851868),
(770, 32, 0),
(771, 33, 2974852944),
(772, 34, 2974851602),
(773, 35, 2974856403),
(774, 36, 2974851467),
(775, 37, 2974851957),
(776, 38, 2974851603),
(777, 41, 2974851224),
(778, 42, 2974851646),
(779, 43, 2974851618),
(780, 44, 2974854614),
(781, 45, 2974858811),
(782, 46, 2974851890),
(783, 47, 2974856740),
(784, 48, 2974857944),
(785, 49, 2974837294),
(786, 50, 2974837553),
(787, 51, 2971562460),
(788, 52, 2974857949),
(789, 53, 2974851614),
(790, 54, 2974851798),
(791, 55, 2974851152),
(792, 56, 2974851347),
(793, 57, 2974851643),
(794, 58, 2974837294),
(795, 59, 2974856862),
(796, 60, 2974851868),
(797, 61, 2974854443),
(798, 62, 2974856648),
(799, 63, 2974857447),
(800, 64, 2974837295),
(801, 65, 2974837552),
(802, 66, 2974859330),
(803, 67, 2974851157),
(804, 68, 2974851818),
(805, 69, 2974851224),
(806, 71, 2974851674),
(807, 73, 2974854477),
(808, 74, 2974854068),
(809, 75, 0),
(810, 76, 0),
(811, 77, 2974859330),
(812, 78, 2974851224),
(813, 79, 2974851937),
(814, 81, 2974856780),
(815, 82, 2974850101),
(816, 83, 2974850144),
(817, 84, 2974850103),
(818, 85, 2974850454),
(819, 86, 2902491020),
(820, 87, 491020),
(821, 88, 491090),
(822, 89, 491020),
(823, 90, 497103),
(824, 91, 2902491173),
(825, 92, 2902490701),
(826, 93, 2902491825),
(827, 94, 2902491819),
(828, 95, 2902491824),
(829, 96, 2902491070),
(830, 97, 2902490770),
(831, 98, 2902491205),
(832, 99, 2902491560),
(833, 100, 2902491022),
(834, 101, 2902495857),
(835, 102, 2902491438),
(836, 103, 2902491914),
(837, 104, 2902490060),
(838, 105, 2902490980),
(839, 106, 2902493720),
(840, 107, 2902491086),
(841, 108, 2902493088),
(842, 110, 2902497305),
(843, 111, 2902496490),
(844, 112, 2902491587),
(845, 114, 2902489222),
(846, 115, 2902495857),
(847, 116, 2902491209),
(848, 117, 2962493004),
(849, 118, 2962493370),
(850, 119, 2962493011),
(851, 120, 2962493105),
(852, 121, 2962493058),
(853, 122, 2962493270),
(854, 123, 2962493003),
(855, 124, 2962493240),
(856, 125, 2962493048),
(857, 126, 2962493048),
(858, 127, 2962493125),
(859, 128, 2962493104),
(860, 129, 2962493048),
(861, 130, 0),
(862, 131, 2966421214),
(863, 132, 0),
(864, 133, 0),
(865, 134, 0),
(866, 135, 0),
(867, 136, 0),
(868, 137, 0),
(869, 138, 0),
(870, 139, 491055),
(871, 140, 2962491001),
(872, 141, 2962491088),
(873, 142, 2962491099),
(874, 143, 2962491281),
(875, 144, 2962491281),
(876, 145, 2962491032),
(877, 146, 0),
(878, 147, 2962491031),
(879, 148, 2962491250),
(880, 149, 2962491119),
(881, 150, 2963490258),
(882, 151, 2963490204),
(883, 152, 2963490204),
(884, 153, 2974806018),
(885, 154, 0),
(886, 155, 2974806038),
(887, 156, 2974806038),
(888, 157, 2902482916),
(889, 158, 2902482915),
(890, 159, 2974993881),
(891, 160, 2974993883),
(892, 161, 2974993834),
(893, 162, 2974993821),
(894, 163, 2974993821),
(895, 164, 2963490228),
(896, 165, 4974071077),
(897, 166, 2974851007),
(898, 167, 4974078),
(899, 168, 4975558),
(900, 169, 2974974666),
(901, 170, 2974974030),
(902, 171, 2974975830),
(903, 172, 2974974444),
(904, 173, 2974975477),
(905, 174, 2974975116),
(906, 175, 2974974811),
(907, 177, 2974974002),
(908, 178, 2974975486),
(909, 179, 2974974803),
(910, 180, 2974974053),
(911, 181, 2974974850),
(912, 182, 2974974809),
(913, 183, 2974974808),
(914, 184, 2974975244),
(915, 185, 2974975699),
(916, 186, 2974976272),
(917, 188, 0),
(918, 189, 2974976085),
(919, 190, 2974975158),
(920, 191, 2963491261),
(921, 192, 2963491262),
(922, 193, 2963491303),
(923, 194, 2963491312),
(924, 195, 2963491151),
(925, 196, 2963491381),
(926, 197, 2963491381),
(927, 198, 2963491039),
(928, 199, 2963491344),
(929, 200, 2963491309),
(930, 202, 2963432072),
(931, 203, 296343063),
(932, 204, 2963432011),
(933, 205, 2963432014),
(934, 206, 2963432299),
(935, 207, 2963432697),
(936, 208, 2963432054),
(937, 209, 2963432073),
(938, 211, 2963432054),
(939, 212, 2974293993),
(940, 213, 2963432574),
(941, 214, 2963432001),
(942, 215, 2963432726),
(943, 217, 2974992160),
(944, 218, 2974992202),
(945, 219, 2974992156),
(946, 220, 2974992192),
(947, 221, 2974999616),
(948, 222, 2974993111),
(949, 223, 2974992790),
(950, 224, 2974993303),
(951, 225, 2974992079),
(952, 226, 2974992860),
(953, 227, 2974990800),
(954, 229, 2974999974),
(955, 230, 2974992612),
(956, 231, 2974991200),
(957, 232, 2974990700),
(958, 233, 2974992959),
(959, 234, 2974993181),
(960, 235, 2974994203),
(961, 236, 2974992612),
(962, 237, 2974996058),
(963, 238, 2974992134),
(964, 239, 2974992132),
(965, 240, 2974992146),
(966, 241, 2974992234),
(967, 242, 2974992860),
(968, 243, 2974991766),
(969, 244, 2974992612),
(970, 246, 0),
(971, 247, 2974990669),
(972, 248, 2962497125),
(973, 249, 2962497117),
(974, 250, 2966463785),
(975, 251, 2962497192),
(976, 252, 2962497577),
(977, 253, 2962497346),
(978, 254, 2962497338),
(979, 256, 2962497500),
(980, 257, 2962492035),
(981, 258, 2962497261),
(982, 259, 2962497338),
(983, 260, 2962497758),
(984, 261, 2962497732),
(985, 262, 4872248),
(986, 263, 4870362),
(987, 264, 2974872364),
(988, 266, 2974870914),
(989, 267, 2974870066),
(990, 268, 2974871346),
(991, 269, 2974872579),
(992, 270, 2974870259),
(993, 271, 2974871069),
(994, 273, 2974870586),
(995, 274, 2974871194),
(996, 275, 2974872342),
(997, 276, 2974870246),
(998, 277, 2974870239),
(999, 278, 2974872623),
(1000, 279, 2974871326),
(1001, 281, 2974870147),
(1002, 282, 2974870259),
(1003, 283, 2974870147),
(1004, 284, 2974872741),
(1005, 285, 2962452076),
(1006, 286, 0),
(1007, 287, 296245141),
(1008, 288, 2962452188),
(1009, 289, 2962452170),
(1010, 290, 2962452202),
(1011, 291, 2962452254),
(1012, 292, 2962452170),
(1013, 293, 2966538629),
(1014, 294, 2962452065),
(1015, 295, 2962452400),
(1016, 296, 2962452311),
(1017, 297, 2962454468),
(1018, 298, 2962454188),
(1019, 299, 2962452127),
(1020, 300, 0),
(1021, 301, 2962452101),
(1022, 302, 2962454231),
(1023, 304, 2962452061),
(1024, 305, 2962414536),
(1025, 306, 0),
(1026, 307, 2962498153),
(1027, 308, 2962498111),
(1028, 309, 2962498300),
(1029, 310, 2962498751),
(1030, 311, 2962498127),
(1031, 313, 2962498224),
(1032, 314, 2962498318),
(1033, 316, 2962498127),
(1034, 317, 2966549055),
(1035, 318, 2966423000),
(1036, 319, 2966420555),
(1037, 320, 2966421200),
(1038, 321, 2966420214),
(1039, 322, 2966420042),
(1040, 323, 2966436811),
(1041, 324, 2966422365),
(1042, 325, 2966422322),
(1043, 326, 2966442367),
(1044, 327, 2966420999),
(1045, 328, 2966427582),
(1046, 329, 2966422651),
(1047, 330, 457804),
(1048, 331, 442571),
(1049, 332, 2966442169),
(1050, 333, 2966420193),
(1051, 334, 2966422631),
(1052, 335, 2966428862),
(1053, 336, 2966426745),
(1054, 337, 2966420505),
(1055, 338, 2966420993),
(1056, 339, 2966420031),
(1057, 340, 2966420100),
(1058, 341, 2966423222),
(1059, 342, 2966432714),
(1060, 343, 2966423257),
(1061, 344, 2966669638),
(1062, 345, 2966428685),
(1063, 346, 2966648535),
(1064, 347, 2966637221),
(1065, 348, 2966422291),
(1066, 349, 2966420861),
(1067, 350, 2966420232),
(1068, 351, 2966420600),
(1069, 352, 2966444463),
(1070, 353, 2966639019),
(1071, 354, 2966428968),
(1072, 355, 2966422874),
(1073, 356, 2966428970),
(1074, 357, 2966428975),
(1075, 358, 2966428979),
(1076, 359, 2966442296),
(1077, 360, 2966422759),
(1078, 361, 0),
(1079, 362, 2966420641),
(1080, 363, 0),
(1081, 364, 2966431988),
(1082, 365, 2966420511),
(1083, 366, 2966431270),
(1084, 367, 2966429069),
(1085, 368, 2966436646),
(1086, 369, 2966438090),
(1087, 370, 2966437288),
(1088, 371, 2966430419),
(1089, 372, 0),
(1090, 373, 2966420257),
(1091, 374, 2966435623),
(1092, 375, 2966426593),
(1093, 376, 2966426836),
(1094, 377, 2966426184),
(1095, 378, 2966444857),
(1096, 380, 2966420394),
(1097, 381, 2966420071),
(1098, 382, 2966432943),
(1099, 383, 2966420138),
(1100, 384, 2966420219),
(1101, 385, 2966437528),
(1102, 386, 2966422019),
(1103, 387, 2966421999),
(1104, 388, 2966424004),
(1105, 389, 2966436041),
(1106, 390, 2966421406),
(1107, 391, 2966435158),
(1108, 392, 2966426396),
(1109, 393, 2966436768),
(1110, 11, 2902482400),
(1111, 39, 2974830962),
(1112, 40, 2974831344),
(1113, 70, 2974851215),
(1114, 72, 2974854056),
(1115, 80, 2974854058),
(1116, 109, 2902492637),
(1117, 113, 2902491412),
(1118, 176, 0),
(1119, 187, 2974974678),
(1120, 201, 2963491381),
(1121, 210, 0),
(1122, 216, 2963432290),
(1123, 228, 0),
(1124, 245, 2974992206),
(1125, 255, 0),
(1126, 265, 2974870946),
(1127, 272, 0),
(1128, 280, 2974870252),
(1129, 303, 2962452063),
(1130, 312, 2962498318),
(1131, 315, 2962498290),
(1132, 379, 2966433949),
(1133, 394, 2966436130),
(1134, 395, 2966420885),
(1135, 396, 2966436206),
(1136, 397, 2966422628),
(1137, 398, 0),
(1138, 399, 0),
(1139, 400, 2966426252),
(1140, 401, 2966420394),
(1141, 402, 2966426769),
(1142, 403, 2966420806),
(1143, 404, 2966420149),
(1144, 405, 2966420703),
(1145, 406, 2966420511),
(1146, 407, 2966422178),
(1147, 408, 2966422012),
(1148, 409, 2966424085),
(1149, 410, 2966438185),
(1150, 411, 2966422263),
(1151, 412, 2966436646),
(1152, 413, 2966426605),
(1153, 414, 2966427497),
(1154, 415, 2966429069),
(1155, 416, 2966436205),
(1156, 417, 2966442832),
(1157, 418, 2966437850),
(1158, 419, 2966434159),
(1159, 420, 2966420258),
(1160, 421, 2966437288),
(1161, 422, 2966429025),
(1162, 423, 2966426960),
(1163, 424, 2966442832),
(1164, 425, 2966422737),
(1165, 426, 2966433710),
(1166, 427, 2966420229),
(1167, 428, 2966444726),
(1168, 429, 2966423727),
(1169, 430, 2966424939),
(1170, 431, 2966426198),
(1171, 432, 2966426859),
(1172, 433, 2966430560),
(1173, 434, 2966438518),
(1174, 435, 2966426787),
(1175, 436, 2966436205),
(1176, 437, 2966431500),
(1177, 438, 2966420258),
(1178, 439, 2966427467),
(1179, 440, 2966422914),
(1180, 441, 0),
(1181, 442, 2966426198),
(1182, 443, 2966426859),
(1183, 444, 2966426787),
(1184, 445, 2966431500),
(1185, 446, 0),
(1186, 447, 2966422737),
(1187, 448, 2966420394),
(1188, 449, 2966420229),
(1189, 450, 2966433710),
(1190, 451, 2966423727),
(1191, 452, 2966425703),
(1192, 453, 2966436463),
(1193, 454, 2966429173),
(1194, 455, 2966436189),
(1195, 456, 2966420394),
(1196, 457, 2966430624),
(1197, 458, 2966420085),
(1198, 459, 2966427707),
(1199, 460, 2966156390),
(1200, 461, 2902421496),
(1201, 462, 2902422363),
(1202, 463, 2902421160),
(1203, 464, 2902421335),
(1204, 465, 2902421171),
(1205, 466, 2902421171),
(1206, 467, 2902482920),
(1207, 468, 2902421233),
(1208, 469, 2902421111),
(1209, 470, 2902421258),
(1210, 471, 2902421646),
(1211, 472, 2902421185),
(1212, 473, 2902421177),
(1213, 474, 2902421084),
(1214, 475, 2902422251),
(1215, 476, 2902421177),
(1216, 477, 2902421722),
(1217, 478, 2902422312),
(1218, 479, 2902421657),
(1219, 480, 2902421258),
(1220, 481, 2902421835),
(1221, 482, 2902421177),
(1222, 483, 2902421185),
(1223, 484, 2902482827),
(1224, 485, 2902482831),
(1225, 486, 2902482827),
(1226, 487, 2902482827),
(1227, 488, 2962497207),
(1228, 489, 297490100),
(1229, 490, 2962495050),
(1230, 491, 2962495070),
(1231, 492, 2962495055),
(1232, 493, 2962495002),
(1233, 494, 2962495002),
(1234, 495, 2962497967),
(1235, 496, 1045),
(1236, 497, 29664240),
(1237, 498, 2966422651),
(1238, 499, 2966429462),
(1239, 500, 2966420543),
(1240, 501, 2966427446),
(1241, 502, 2966438725),
(1242, 503, 2966420189),
(1243, 504, 2966427446),
(1244, 505, 2966424650),
(1245, 506, 2966429344),
(1246, 507, 2966436653),
(1247, 508, 2966426744);

-- --------------------------------------------------------

--
-- Estructura de tabla para la tabla `telefonos`
--

DROP TABLE IF EXISTS `telefonos`;
CREATE TABLE IF NOT EXISTS `telefonos` (
  `id_telefono` int(7) NOT NULL AUTO_INCREMENT,
  `id_localidad` int(4) NOT NULL,
  `nombre_telefono` varchar(60) NOT NULL,
  `direccion_telefono` varchar(60) NOT NULL,
  `telefono_telefono` varchar(60) NOT NULL,
  `paginaweb_telefono` varchar(60) NOT NULL,
  `id_categoria` int(4) NOT NULL,
  PRIMARY KEY (`id_telefono`)
) ENGINE=MyISAM AUTO_INCREMENT=509 DEFAULT CHARSET=latin1;

--
-- Volcado de datos para la tabla `telefonos`
--

INSERT INTO `telefonos` (`id_telefono`, `id_localidad`, `nombre_telefono`, `direccion_telefono`, `telefono_telefono`, `paginaweb_telefono`, `id_categoria`) VALUES
(1, 1, 'Municipalidad', '?????', '02902 48-2075', 'plus.google.com/111033911046825921420/posts', 1),
(2, 1, 'HOSPITAL SAN LUCAS', 'Rio Negro esq. 9 DE Julio', '(02902) 482121/ 4821', '', 3),
(3, 1, 'DIVISIÓN COMISARIA 28 DE NOVIEMBRE', 'Antártida Argentina 510', '2902-482103 (fax)/482049/482166 (Destacamento)', '', 2),
(4, 1, 'DIVISIÓN CUARTEL 14 BOMBEROS', 'Av. Juan D. Perón 467', '2902-482055/482744 (100)', '', 2),
(5, 1, 'E.P.J.A. PRIMARIA Nº 07 SOBERANIA NACIONAL', 'ANTARTIDA ARGENTINA 537', '02902-482078', '', 4),
(6, 1, 'E.P.J.A. SECUNDARIA Nº 02 MARIA BENEDICTA RAMIREZ', 'ANTARTIDA ARGENTINA 1164', '02902-482400', '', 4),
(7, 1, 'JARDIN DE INFANTES Nº 21 ALUEN', 'SARMIENTO1445', '02902-482210', '', 4),
(8, 1, 'JARDIN DE INFANTES Nº 48 ARCO IRIS', 'LIBERTAD 139', '02902-482073', '', 4),
(9, 1, 'ESC. PRIMARIA PROV. Nº 32 PROVINCIA DE FORMOSA', 'ANTARTIDA ARGENTINA 537', '02902-482078', '', 4),
(10, 1, 'ESC. PRIMARIA PROV. Nº 67 JORGE AMERICO BLACHERE', 'HIPOLITO IRIGOYEN 1497', '02902-482022', '', 4),
(12, 2, 'ESC. PRIMARIA PROV. RURAL Nº 48 POLICIA DE SANTA CRUZ', 'BAJO CARACOLES', '02966-422291', '', 4),
(13, 3, 'ESC. PRIMARIA PROV. RURAL Nº 37 PADRE DE LA PATRIA', 'RUTA NACIONAL 40', '-', '', 4),
(14, 4, 'Municipalidad de Caleta Olivia', '25 de May 0443', '0297-4851230', 'http://www.caletaolivia.gov.ar/', 1),
(15, 4, 'Terminal Omnibus Caleta Olivia', 'Av. Independencia y San Martin', '0297-4851285/6', '', 5),
(16, 4, 'HOSPITAL ZONAL PADRE JOSE TARDIVO', 'Av. Peron esq. Gob. Gregores', '(297) 4851389 - 4853417 - 4853417', '', 3),
(17, 4, 'DIRECCIÓN GENERAL DE REGIONAL NORTE', 'Capitán Gutero 480', '297-4852889/4852107/4852200', '', 2),
(18, 4, 'DIVISIÓN COMANDO RADIOELÉCTRICO', 'Capitán Gutero 436', '297-4856320/4835922', '', 5),
(19, 4, 'RE.P.AR. ZONA NORTE', 'Hipólito Irigoyen 2375', '297-4856988', '', 6),
(20, 4, 'DIVISIÓN COMISARIA SECCIONAL PRIMERA', 'Ezequiel Gutero 590', '297-4851200/4856087/4856534', '', 2),
(21, 4, 'DIVISIÓN COMISARIA SECCIONAL SEGUNDA', 'José Hernández 1269', '297-4857241(fax)/4853364/4852100', '', 2),
(22, 4, 'DIVISIÓN COMISARIA SECCIONAL TERCERA', 'Av. E. Perón s/n', '297-4859340/4856136 (fax)', '', 2),
(23, 4, 'DIVISIÓN COMISARIA SECCIONAL CUARTA', 'Islas Bahamas 500-598', '297-4859410/4856296', '', 2),
(24, 4, 'DIVISIÓN COMISARIA SECCIONAL QUINTA', 'B. Rotary 23 San Luis s/n', '297-4837165', '', 2),
(25, 4, 'DIVISIÓN COMISARIA DE LA MUJER Y LA FAMILIA', 'Av. Costanera N. Kirchner s/n (pegado galpón lapeidade)', '297-4831551', '', 2),
(26, 4, 'DIVISIÓN CUARTEL 5', 'Dirección: Almirante Brown y Capitán Guttero', '297-4851666 (100)/4851395 (fax)', '', 2),
(27, 4, 'DIVISIÓN CUARTEL 16', 'B° Unión José Hernández 1228', '297-4830521 (fax)/4858994', '', 2),
(28, 4, 'DIVISIÓN CUARTEL 18', 'Héctor Chaves s/n', '297-4850300 (108)/4850457 (fax)', '', 2),
(29, 4, 'E.P.J.A. PRIMARIA Nº 02', 'JUAN ALVAREZ 263', '0297-4851852', '', 4),
(30, 4, 'E.P.J.A. PRIMARIA Nº 16', 'LUCIO V. MANSILLA 2545', '0297-4854477', '', 4),
(31, 4, 'E.P.J.A. SECUNDARIA Nº 13 J.J. DE URQUIZA', 'EVA PERON 73', '0297-4851868', '', 4),
(32, 4, 'E.P.J.A. SECUNDARIA Nº 21', 'JUAN ALVAREZ 263', '', '', 4),
(33, 4, 'CENTRO MUNICIPAL DE EDUCACION POR EL ARTE', 'BARBARA SERRANO E INDEPENDENCIA', '0297-4852944', '', 4),
(34, 4, 'ESCUELA ESPECIAL Nº 02 CECILIA GRIERSON', 'DARIO DEOCARETS 119', '0297-4851602', '', 4),
(35, 4, 'ESCUELA ESPECIAL Nº 08 VENTANA A LA VIDA', 'RIVADAVIA 420', '0297-4856403', '', 4),
(36, 4, 'ESCUELA ESPECIAL Nº 13 SALVADOR GAVIOTA', 'VELEZ SARSFIELD 300', '0297-4851467', '', 4),
(37, 4, 'ESCUELA ESPECIAL Nº 15', 'MAIPU 37', '0297-4851957', '', 4),
(38, 4, 'CENTRO DE CAPACITACION LABORAL N° 1 SAN JOSE OBRERO', 'SAN JOSE OBRERO 1620', '0297-4851603', '', 4),
(41, 4, 'JARDIN DE INFANTES INSTITUTO MARCELO SPINOLA', 'DON BOSCO 193', '0297-4851224', '', 4),
(42, 4, 'JARDIN DE INFANTES Nº 11 RUCANTUN', 'VELES SARFIELD 385', '0297-4851646', '', 4),
(43, 4, 'JARDIN DE INFANTES Nº 18 ISLAS MALVINAS ARG.', 'MADROÑAL 530', '0297-4851618', '', 4),
(44, 4, 'JARDIN DE INFANTES Nº 20 AIKEN', 'AV. REPUBLICA 930', '0297-4854614', '', 4),
(45, 4, 'JARDIN DE INFANTES Nº 28 ANTUKELEN', 'SAN MARTIN 558', '0297-4858811', '', 4),
(46, 4, 'JARDIN DE INFANTES Nº 42 PILMAYKEN', 'JULIO OMAR BENITEZ 1340', '0297-4851890', '', 4),
(47, 4, 'JARDIN DE INFANTES Nº 51 MAILEN', 'EJERCITO ARGENTINO Y LAS LILAS', '0297-4856740', '', 4),
(48, 4, 'JARDIN DE INFANTES Nº 52 CUMELEN', 'TOMILLO 730', '0297-4857944', '', 4),
(49, 4, 'JARDIN DE INFANTES Nº 57 OMILEN ANTU', 'TIERRA DEL FUEGO 1984', '0297-4837294', '', 4),
(50, 4, 'JARDIN DE INFANTES Nº 58 AYEN HUE', 'ENTRE RIOS 2784', '0297-4837553', '', 4),
(51, 4, 'COLEGIO DE ENSEÑANZA DIGITAL CALETA OLIVIA', 'RUTA PROV N° 3 - ACC SUR', '0297-156246033', '', 4),
(52, 4, 'ESC. PRIMARIA PROV. Nº 13 ROBERTO J.PAIRO', 'CHACABUCO Y SAN JOSE OBRERO', '0297-4857949', '', 4),
(53, 4, 'ESC. PRIMARIA PROV. Nº 14 20 DE NOVIEMBRE', 'JUAN ALVAREZ 263', '0297-4851614', '', 4),
(54, 4, 'ESC. PRIMARIA PROV. Nº 28 GUARDIA NACIONAL', 'CEFERINO NAMUNCURA 2657', '0297-4851798', '', 4),
(55, 4, 'ESC. PRIMARIA PROV. Nº 29 JUANA MANSO', 'BEAUVOIR 833', '0297-4851152', '', 4),
(56, 4, 'ESC. PRIMARIA PROV. Nº 36 ANTARTIDA ARGENTINA', 'AZCUENAGA 307', '0297-4851347', '', 4),
(57, 4, 'ESC. PRIMARIA PROV. Nº 43 PEDRO B. PALACIOS ALMAFUERTE', 'JUAN JOSE PASO 423', '0297-4851643', '', 4),
(58, 4, 'ESC. PRIMARIA PROV. Nº 57 JOSE INGENIEROS', 'JULIO OMAR BENITEZ 1372', '0297-4837294', '', 4),
(59, 4, 'ESC. PRIMARIA PROV. Nº 65 MAR ARGENTINO', 'SAN FRANCISCO 930', '0297-4856862', '', 4),
(60, 4, 'ESC. PRIMARIA PROV. Nº 69 HIELOS CONTINENTALES', 'EVA PERON 73', '0297-4851868', '', 4),
(61, 4, 'ESC. PRIMARIA PROV. Nº 74 VIENTOS SUREÑOS', 'BRASIL 521', '0297-4854443', '', 4),
(62, 4, 'ESC. PRIMARIA PROV. Nº 76 KIMEHUEN', 'LAS MARGARITAS 2145', '0297-4856648', '', 4),
(63, 4, 'ESC. PRIMARIA PROV. Nº 79', 'JULIO SANTOS CARPIO 575', '0297-4857447', '', 4),
(64, 4, 'ESC. PRIMARIA PROV. Nº 82', 'TIERRA DEL FUEGO 2062', '0297-4837295', '', 4),
(65, 4, 'ESC. PRIMARIA PROV. Nº 88', 'ENTRE RIOS 2730', '0297-4837552', '', 4),
(66, 4, 'ESC. PRIMARIA SAN JOSE OBRERO', 'R. PADRE FRANCISCO JORDAN 1850', '0297-4859330', '', 4),
(67, 4, 'ESCUELA PRIVADA ADVENTISTA PERITO MORENO', 'AVENIDA BARTOLOME MITRE 111', '0297-4851157', '', 4),
(68, 4, 'INSTITUTO AONIKENK', 'JOSE HERNANDEZ 1469', '0297-4851818', '', 4),
(69, 4, 'INSTITUTO MARCELO SPINOLA (PRIMARIA)', 'DON BOSCO 193', '0297-4851224', '', 4),
(71, 4, 'COLEGIO PROV. DE EDUCACION SECUNDARIA Nº 13 LEOPOLDO LUGONES', 'JUAN GOMEZ 121', '0297-4851674', '', 4),
(73, 4, 'COLEGIO PROV. DE EDUCACION SECUNDARIA Nº 22', 'LUCIO V. MANSILLA 2545', '0297-4854477', '', 4),
(74, 4, 'COLEGIO PROV. DE EDUCACION SECUNDARIA Nº 27', 'GOB. PARADELO 939', '0297-4854068', '', 4),
(75, 4, 'COLEGIO PROV. DE EDUCACION SECUNDARIA Nº 42', 'ENTRE RIOS 2784', '-', '', 4),
(76, 4, 'COLEGIO PROV. DE EDUCACION SECUNDARIA Nº 43', 'JULIO SANTOS CARPIO 575', '-', '', 4),
(77, 4, 'COLEGIO SECUNDARIO SAN JOSE OBRERO', 'R. PADRE FRANCISCO JORDAN 1850', '0297-4859330', '', 4),
(78, 4, 'INSTITUTO SECUNDARIO MARCELO SPINOLA', 'DON BOSCO 193', '0297-4851224', '', 4),
(79, 4, 'INSTITUTO PROVINCIAL DE EDUCACION SUPERIOR (CO)', 'JOSE KOLTUM 1370', '0297-4851937', '', 4),
(81, 4, 'ESCUELA INDUSTRIAL Nº 01 GRAL. ENRIQUE MOSCONI', 'ESTRADA 435', '0297-4856780', '', 4),
(82, 5, 'DIVISIÓN COMISARIA Cañadon Seco', 'San Martin y Medanito s/n', '297-4850101 (fax)/4850100', '', 2),
(83, 5, 'JARDIN DE INFANTES Nº 12 TIEMPO DE CRECER', 'BARRANCAS S/N', '0297-4850144', '', 4),
(84, 5, 'ESC. PRIMARIA PROV. Nº 23 26 DE JUNIO', 'CAIMANCITO 6095', '0297-4850103', '', 4),
(85, 5, 'COLEGIO PROV. DE EDUCACION SECUNDARIA Nº 33', 'CAIMANCITO 6095', '0297-4850454', '', 4),
(86, 6, 'Municipalidad', 'Piloto Civil Norberto Fernandez Nº 16', '(02902) – 491020 – 491082', '', 1),
(87, 6, 'Dirección de comercio', '', '491020', '', 1),
(88, 6, 'Secretaría. De Turismo', '', '491090', '', 1),
(89, 6, 'Dpto de Medicina del Trabajo', '', '491020', '', 1),
(90, 6, 'Dirección de Defensa Civil', '', '497103', '', 2),
(91, 6, 'HOSPITAL DISTR. JOSE FORMENTI', 'Av. Rocca N° 1487', '(02902) 491173', '', 3),
(92, 6, 'DIRECCIÓN GENERAL REGIONAL SUDOESTE', 'Av. Libertador N° 819', '2902-490701 (fax)', '', 2),
(93, 6, 'DIVISIÓN COMISARIA 1RA LAGO ARGENTINO', 'Av. Libertador San Martin N° 819', '2902-491825/491077', '', 2),
(94, 6, 'DIVISIÓN COMISARIA 2DA LAGO ARGENTINO', 'Av. 349 y 17 de Octubre', '2902-491819 (fax)/496871/490077/497026', '', 2),
(95, 6, 'DIVISIÓN COMANDO RADIOELÉCTRICO EL CALAFATE', 'Av. Libertador N° 835 (fondo)', '2902-491824/497694', '', 2),
(96, 6, 'DIVISIÓN CUARTEL 8 BOMBEROS', 'Formenti 17', '2902-491070/492317(100)', '', 2),
(97, 6, 'DIVISIÓN CUARTEL 21 (2249) BOMBEROS', 'Salvador Lara y Hermanos Vidal', '2902-490770', '', 2),
(98, 6, 'E.P.J.A. PRIMARIA Nº 11 JOSE A. PANTIN', 'JOSE ANTONIO PANTIN 41', '02902-491205', '', 4),
(99, 6, 'E.P.J.A. SECUNDARIA Nº 04', 'JULIO ARGENTINO ROCA 1325', '02902-491560', '', 4),
(100, 6, 'ESCUELA ESPECIAL Nº 05 TENINK AIKEN', 'VALENTIN FEILBERG 169', '02902-491022', '', 4),
(101, 6, 'CENTRO EDUCATIVO JOVEN LABRADOR', 'MONSEÑOR FAGNANO 1457', '02902-495857', '', 4),
(102, 6, 'JARDIN DE INFANTES Nº 10 GRAL. MARTIN MIGUEL DE GUEMES', 'CAMPAÑA DEL DESIERTO 1438', '02902-491438', '', 4),
(103, 6, 'JARDIN DE INFANTES Nº 54 KAU TALENK', 'MA. EVA DUARTE DE PERON 2038', '02902-491914', '', 4),
(104, 6, 'JARDIN DE INFANTES Nº 60', 'PROF. NORMA ROTONDO 191', '02902-490060', '', 4),
(105, 6, 'JARDIN DE INFANTES Nº 63', 'CAMPAÑA DEL DESIERTO 1130', '02902-490980', '', 4),
(106, 6, 'COLEGIO UPSALA S.A.', 'AV. JORGE NEWBERY 366', '02902-493720', '', 4),
(107, 6, 'ESC. PRIMARIA PROV. Nº 09 CONTRALMIRANTE VALENTIN FEILBERG', 'GOBERNADOR GREGORES 893', '02902-491086', '', 4),
(108, 6, 'ESC. PRIMARIA PROV. Nº 73 LAGO ARGENTINO', 'CAMPAÑA DEL DESIERTO 1850', '02902-493088', '', 4),
(110, 6, 'ESC. PRIMARIA PROV. Nº 89', 'JOSE ANTONIO PANTIN 41', '02902-497305', '', 4),
(111, 6, 'ESCUELA NUESTRA SEÑORA DE LA PATAGONIA', 'CALLE SIN NOMBRE 51', '02902-496490', '', 4),
(112, 6, 'COLEGIO PADRE MANUEL GONZALEZ', 'MONSEÑOR FAGNANO 1457', '02902-491587', '', 4),
(114, 6, 'COLEGIO PROV. DE EDUCACION SECUNDARIA Nº 46', 'PROF. NORMA ROTONDO 53', '02902-489222', '', 4),
(115, 6, 'CENTRO DE ESTUDIOS SUPERIORES PADRE ALBERTO DE AGOSTINI', 'MONSEÑOR FAGNANO 1457', '02902-495857', '', 4),
(116, 6, 'ESCUELA INDUSTRIAL Nº 09', 'JOSE ANTONIO PANTIN 41', '02902-491209', '', 4),
(117, 7, 'Zona Norte - Parque Nacional Los Glaciares', 'Ruta 3 s/n', '02962 493004', '', 6),
(118, 7, 'Dirección de Turismo, Medio Ambiente y Pesca', 'Ubicación: Terminal de Ómnibus', 'Teléfono: 02962 493370', '', 1),
(119, 7, 'Municipalidad de El Chaltén', 'Av. M. M. de Güemes 21', '02962 493011/262', '', 1),
(120, 7, 'Registro Civil El Chaltén Oficina Seccional 2756', 'Av. Lago del Desierto 341', '02962 493105', '', 1),
(121, 7, 'Juzgado de Paz de El Chaltén', 'Av. Lago del Desierto 335', '02962 493058', '', 1),
(122, 7, 'Dirección de Cultura Ceremonial y Protocolo', 'Av. M. M. de Güemes 21', '02962 493270/011', '', 1),
(123, 7, 'DIVISIÓN COMISARIA', 'Av. San Martin N° 318', '2962-493003/433135', '', 2),
(124, 7, 'DIVISIÓN CUARTEL 17 (3239) BOMBEROS', 'Pasaje Founroge s/n', '2962-493240 (fax)/493142 (fax)/493013', '', 2),
(125, 7, 'E.P.J.A. PRIMARIA Nº 20', 'AVDA. MIGUEL DE GUEMES Y LAS ALDEAS', '02962-493048', '', 4),
(126, 7, 'E.P.J.A. SECUNDARIA Nº 19', 'AVDA. MIGUEL DE GUEMES Y LAS ALDEAS', '02962-493048', '', 4),
(127, 7, 'JARDIN DE INFANTES Nº 46 LOS HUEMULES', 'LAS ADELAS S/N', '02962-493125', '', 4),
(128, 7, 'ESC. PRIMARIA PROV. RURAL Nº 59 LOS NOTROS', 'LAS ADELAS S/N', '02962-493104', '', 4),
(129, 7, 'COLEGIO PROV. DE EDUCACION SECUNDARIA Nº 28', 'AVDA. MIGUEL DE GUEMES Y LAS ALDEAS', '02962-493048', '', 4),
(130, 8, 'ESC. PRIMARIA PROV. RURAL Nº 24 CACIQUE CILCACHO', 'RESERVA INDIGENA CAMUSU AIKE', '-', '', 4),
(131, 9, 'ESC. PRIMARIA PROV. RURAL Nº 31 GENDARME ARGENTINO', 'ESTANCIA EL CONDOR', '02966-421214', '', 4),
(132, 10, 'ESC. PRIMARIA PROV. RURAL Nº 25 CACIQUE CASIMIRO BIGUA', 'ESTANCIA GLENCROSS', '-', '', 4),
(133, 11, 'ESC. PRIMARIA PROV. RURAL Nº 26 GENDARMERIA NACIONAL', 'PARAJE LAS VEGAS', '-', '', 4),
(134, 12, 'DIVISIÓN SUBCOMISARIA Fitz Roy', 'Paraje Fitz Roy', 'No poseen', '', 2),
(135, 12, 'JARDIN DE INFANTES Nº 29 TRENCITO DEL SUR', 'COLON S/N', '-', '', 4),
(136, 12, 'ESC. PRIMARIA PROV. Nº 20 MALVINAS ARGENTINAS', 'COLON S/N', '-', '', 4),
(137, 13, 'ESC. PRIMARIA PROV. RURAL Nº 34 FCO. ANTONIO RIZZUTO', 'ESTANCIA FUENTES DEL COYLE', '-', '', 4),
(138, 13, 'COLEGIO PROV. DE EDUCACION SECUNDARIA Nº 35', 'ESTANCIA FUENTES DEL COYLE', '-', '', 4),
(139, 14, 'Municipalidad de Gobernador Gregores', 'San Martin 514', '491055', '', 1),
(140, 14, 'HOSPITAL DR. RAMON ERASO STA. PAUL', 'M. Castulo Paradelo N° 1025', '(02962) 491001', '', 3),
(141, 14, 'DIVISIÓN COMISARIA', 'San Martin 1087', '2962-491088/491055/491459', '', 2),
(142, 14, 'DIVISIÓN CUARTEL 10', 'Av. San Martin 1087', '2962-491099', '', 2),
(143, 14, 'E.P.J.A. PRIMARIA Nº 10 PADRE CARDIEL', 'MARIANO PEJKOVIC 667', '02962-491281', '', 4),
(144, 14, 'E.P.J.A. SECUNDARIA Nº 16 JOSE KUNEY POSNE', 'MARIANO PEJKOVIC 667', '02962-491281', '', 4),
(145, 14, 'JARDIN DE INFANTES Nº 07 MARIA MONTESSORI', 'COLON 583', '02962-491032', '', 4),
(146, 14, 'ESC. HOGAR PRIMARIA PROV. RURAL Nº 2 HEROES DE MALVINAS', 'RUTA PROVINCIAL 27', '-', '', 4),
(147, 14, 'ESC. PRIMARIA PROV. Nº 18 CARLOS MARIA MOYANO', 'SAN MARTIN 573', '02962-491031', '', 4),
(148, 14, 'COLEGIO PROV. DE EDUCACION SECUNDARIA Nº 21 JOSE FONT', 'ROCA 1154', '02962-491250', '', 4),
(149, 14, 'ESCUELA AGROPECUARIA PROV. Nº 1', 'RUTA PROVINCIAL 27', '02962-491119', '', 4),
(150, 15, 'JARDIN DE INFANTES Nº 40 VALLE DE AMANCAY', 'LAS CALANDRIAS 136', '02963-490258', '', 4),
(151, 15, 'ESC. PRIMARIA PROV. RURAL Nº 42 PATRULLA SOBERANIA', 'SAN MARTIN S/N', '02963-490204', '', 4),
(152, 15, 'COLEGIO PROV. DE EDUCACION SECUNDARIA Nº 29', 'SAN MARTIN S/N', '02963-490204', '', 4),
(153, 16, 'DIVISIÓN COMISARIA Jaramillo', 'Av. Jose Fond s/n', '297-4806018', '', 2),
(154, 16, 'JARDIN DE INFANTES Nº 32 MACACHIN', 'H. IRIGOYEN S/N', '-', '', 4),
(155, 16, 'ESC. PRIMARIA PROV. Nº 07', 'JOSE M. ESTRADA S/N', '0297-4806038', '', 4),
(156, 16, 'COLEGIO PROV. DE EDUCACION SECUNDARIA Nº 31', 'JOSE M. ESTRADA S/N', '0297-4806038', '', 4),
(157, 17, 'JARDIN DE INFANTES Nº 23 YEMEL TALENKE', 'Bº MEDIO', '02902-482916', '', 4),
(158, 17, 'ESC. PRIMARIA PROV. Nº 30 JULIA DUFOUR', 'Bº MEDIO', '02902-482915', '', 4),
(159, 18, 'DIVISIÓN SUBCOMISARIA', 'Koluel Kaike s/n', '297-4993881', '', 2),
(160, 18, 'DIVISIÓN CUARTEL 23', 'Koluel Kaike s/n', '297-4993883', '', 2),
(161, 18, 'JARDIN DE INFANTES Nº 30 RINCON DE LUZ', 'SARMIENTO S/N', '0297-4993834', '', 4),
(162, 18, 'ESC. PRIMARIA PROV. Nº 21 PROVINCIA DEL CHUBUT', 'BELGRANO Y SAN MARTIN', '0297-4993821', '', 4),
(163, 18, 'COLEGIO PROV. DE EDUCACION SECUNDARIA Nº 32', 'BELGRANO Y SAN MARTIN', '0297-4993821', '', 4),
(164, 19, 'SUBCOMISARIA Lago Posadas', 'Av. San Martin esq. Las Lengas', '2963-490228 (fax)/490295/490220', '', 2),
(165, 20, 'Municipalidad de las Heras', 'Antiguos Pobladores y San Martin', '4974-071/077/110/232', '', 1),
(166, 20, 'Servicios Publicos', 'Hipólito Yrigoyen, 2456', '0297-4851007 ', '', 5),
(167, 20, 'Defensa Civil', '', '4974078', '', 1),
(168, 20, 'Registro Civil las Heras', '', '4975558', '', 1),
(169, 20, 'HOSPITAL SECCIONAL LAS HERAS', '28 de Noviembre esq. El Calafate', '(0297) 4974666', '', 4),
(170, 20, 'DIVISIÓN COMISARIA SECCIONAL PRIMERA', 'Gob. Gregores y D. F. Sarmiento', '297-4974030/4975912', '', 2),
(171, 20, 'DIVISIÓN COMISARIA SECCIONAL SEGUNDA', '28 de Noviembre y 25 de Mayo', '297-4975830/4974550', '', 2),
(172, 20, 'DIVISION CUARTEL 11', 'Domingo F. Sarmiento s/n', '297-4974444', '', 2),
(173, 20, 'E.P.J.A. PRIMARIA Nº 14', 'GOBERNADOR GREGORES 854', '0297-4975477', '', 4),
(174, 20, 'E.P.J.A. SECUNDARIA Nº 14', 'SARMIENTO 494', '0297-4975116', '', 4),
(175, 20, 'ESCUELA ESPECIAL Nº 07', 'ESTRADA 850', '0297-4974811', '', 4),
(177, 20, 'ESCUELA DE CAPACITACION LABORAL PADRE DUPUY', 'RIVADAVIA 240', '0297-4974002', '', 4),
(178, 20, 'JARDIN DE INFANTES Nº 08 RUCAYLIN', '1º DE MAYO 675', '0297-4975486', '', 4),
(179, 20, 'JARDIN DE INFANTES Nº 47 KOONEK', 'MINISTRO CALDERON 563', '0297-4974803', '', 4),
(180, 20, 'JARDIN DE INFANTES Nº 55 TALENKE-JOSHEN', '28 DE NOVIEMBRE S/N', '0297-4974053', '', 4),
(181, 20, 'JARDIN DE INFANTES Nº 59', 'PUERTO DESEADO 60', '0297-4974850', '', 4),
(182, 20, 'ESC. PRIMARIA PROV. Nº 03 BENJAMIN ZORRILLA', 'GOBERNADOR GREGORES 854', '0297-4974809', '', 4),
(183, 20, 'ESC. PRIMARIA PROV. Nº 53 JULIA DEL CARMEN GOMEZ', 'PUERTO DESEADO 47', '0297-4974808', '', 4),
(184, 20, 'ESC. PRIMARIA PROV. Nº 64', '13 DE December 1050', '0297-4975244', '', 4),
(185, 20, 'ESC. PRIMARIA PROV. Nº 77', 'CALAFATE S/N', '0297-4975699', '', 4),
(186, 20, 'ESC. PRIMARIA PROV. Nº 84', 'SARMIENTO 494', '0297-4976272', '', 4),
(188, 20, 'COLEGIO PROV. DE EDUCACION SECUNDARIA Nº 44', '13 DE December 1050', '-', '', 4),
(189, 20, 'INSTITUTO SUPERIOR DE HIDROCARBUROS', 'HIPOLITO YRIGOYEN 150', '0297-4976085', '', 4),
(190, 20, 'ESCUELA INDUSTRIAL Nº 07', 'LEANDRO ALEM S/N', '0297-4975158', '', 4),
(191, 21, 'OFICINA DE TURISMO DE LOS ANTIGUOS', 'Avenida 11 de Julio 446', '02963) 491261', 'http://www.losantiguos.tur.ar/', 6),
(192, 21, 'Municipalidad de los Antiguos', 'Avenida 11 de Julio 432 Cp (9041)', '0296 349 1262', 'https://www.losantiguos.gob.ar/', 1),
(193, 21, 'HOSPITAL SECCIONAL LOS ANTIGUOS', 'Patagonia Argentina N° 68', '(02963) 491303', '', 3),
(194, 21, 'DIVISIÓN COMISARIA CABO E. GRIPPO', 'Gobernador Gregores 12', '2963-491312/491269', '', 2),
(195, 21, 'DIVISIÓN CUARTEL 13', 'Bulgarini y Picadero', '2963-491151/491268 (100)', '', 2),
(196, 21, 'E.P.J.A. PRIMARIA Nº 15', 'PERITO MORENO 253', '02963-491381', '', 4),
(197, 21, 'E.P.J.A. SECUNDARIA Nº 08', 'PERITO MORENO 253', '02963-491381', '', 4),
(198, 21, 'JARDIN DE INFANTES Nº 25', 'FITZ ROY 460', '02963-491039', '', 4),
(199, 21, 'ESC. HOGAR PRIMARIA PROV. RURAL Nº 1 FRANCISCO P. MORENO', 'AVENIDA TEHUELCHES 79', '02963-491344', '', 4),
(200, 21, 'ESC. PRIMARIA PROV. Nº 17 POLICIA FEDERAL ARGENTINA', 'CRUZ DEL SUR 29', '02963-491309', '', 4),
(202, 22, 'Municipalidad Perito Moreno', 'Av.San Martin 1776', '02963-432072/210/2764/222/2656/2157/23/86', '', 1),
(203, 22, 'Terminal Omnibus', 'Acceso Ruta 43', '296343063', '', 5),
(204, 22, 'HOSPITAL SECCIONAL DR. OSCAR H. NATALE', 'Colon N° 1237', '(02963) 432011', '', 3),
(205, 22, 'DIVISIÓN COMISARIA Perito Moreno', '25 de May 1394', '2963-432014 (fax)/432012 (fax)', '', 2),
(206, 22, 'DIVISIÓN CUARTEL 12', '25 de Mayo s/n', '2963-432299', '', 2),
(207, 22, 'E.P.J.A. PRIMARIA Nº 13 NILDA ROTONDO', 'AVDA. JUAN DOMINGO PERON 1295', '02963-432697', '', 4),
(208, 22, 'ESCUELA PARA ADULTOS SAN MARTIN DE TOURS', 'AVENIDA SAN MARTIN 1662', '02963-432054', '', 4),
(209, 22, 'E.P.J.A. SECUNDARIA Nº 01 RAUL RICARDO ALFONSIN', 'COLON 1973', '02963-432073', '', 4),
(211, 22, 'INSTITUTO SAN MARTIN DE TOURS', 'SAN MARTIN 1662', '02963-432054', '', 4),
(212, 22, 'JARDIN DE INFANTES \"MIS ANGELITOS\"', 'SAAVEDRA 751', '0297-4293993', '', 4),
(213, 22, 'JARDIN DE INFANTES Nº 06 ARISKAIKEN', 'ALMIRANTE BROWN 1966', '02963-432574', '', 4),
(214, 22, 'ESC. PRIMARIA PROV. Nº 12 REMEDIOS ESCALADA DE SAN MARTIN', 'ESTRADA 980', '02963-432001', '', 4),
(215, 22, 'ESC. PRIMARIA PROV. Nº 72 PIONEROS DEL SUR', 'COLON 1973', '02963-432726', '', 4),
(217, 23, 'Municipalidad de Pico Truncado', 'Calle 9 de Julio 450, Pico Truncado, Santa Cruz', '0297 499-2160', '', 1),
(218, 23, 'Oficina de Turismo de Pico Truncado', 'Gob. Gregores y Urquiza', '0297-4992202', '', 6),
(219, 23, 'Correo Argentino', 'Rivadavia 455', '297-4992156', '', 5),
(220, 23, 'HOSPITAL SECCIONAL PICO TRUNCADO', 'Velez Sarfield N° 305', '(0297) 4992192', '', 3),
(221, 23, 'DIVISIÓN COMISARIA SECCIONAL PRIMERA', 'B. Rivadavia 495', '297-4999616 (fax)/ 49992111/4992862', '', 2),
(222, 23, 'DIVISIÓN COMISARIA SECCIONAL SEGUNDA', 'Ramón Lista 400', 'Teléfonos: 297-4993111/4994111', '', 2),
(223, 23, 'DIVISIÓN COMISARIA DE LA MUJER Y FAMILIA', 'Viamonte 836', '297-4992790 (fax)', '', 2),
(224, 23, 'DIVISIÓN CUARTEL 6', 'Roca 638', '297-4993303 (fax)/4990703/4992000 (100)/ 4992333 (100)', '', 2),
(225, 23, 'E.P.J.A. PRIMARIA Nº 05 BEATRIZ BLANCO NAVARRO', 'BELGRANO 172', '0297-4992079', '', 4),
(226, 23, 'E.P.J.A. SECUNDARIA Nº 03', 'ESPAÑA 461', '0297-4992860', '', 4),
(227, 23, 'ESCUELA ESPECIAL Nº 03', 'MARIANO MORENO 1164', '0297-4990800', '', 4),
(229, 23, 'ESCUELA DE CAPACITACION LABORAL Nº 2 NAZARETH', 'RAMON LISTA 832', '0297-4999974', '', 4),
(230, 23, 'COLEGIO JUAN XXIII (INICIAL)', 'MARIANO MORENO 455', '0297-4992612', '', 4),
(231, 23, 'JARDIN DE INFANTES Nº 14 LIHUEN', '9 DE July 0372', '0297-4991200', '', 4),
(232, 23, 'JARDIN DE INFANTES Nº 26 KIKEN', 'TUCUMAN 412', '0297-4990700', '', 4),
(233, 23, 'JARDIN DE INFANTES Nº 49 TRINKIL AIKE', 'PELLEGRINI 1189', '0297-4992959', '', 4),
(234, 23, 'JARDIN DE INFANTES Nº 62', 'URDIN 140', '0297-4993181', '', 4),
(235, 23, 'JARDIN MUNDO MAGICO', 'HIPOLITO YRIGOYEN 950', '0297-4994203', '', 4),
(236, 23, 'COLEGIO JUAN XXIII (PRIMARIO)', 'MARIANO MORENO 455', '0297-4992612', '', 4),
(237, 23, 'COLEGIO DE ENSEÑANZA DIGITAL PICO TRUNCADO', 'AVDA GREGORES Y 20 DE NOVIEMBRE', '0297-4996058', '', 4),
(238, 23, 'ESC. PRIMARIA PROV. Nº 08 CAPITAN DE LOS ANDES', 'SARMIENTO 688', '0297-4992134', '', 4),
(239, 23, 'ESC. PRIMARIA PROV. Nº 35 FELIX GREGORIO FRIAS', 'RAMON LISTA 716', '0297-4992132', '', 4),
(240, 23, 'ESC. PRIMARIA PROV. Nº 40 GUSTAVO MARTINEZ ZUVIRIA', 'PELLEGRINI 1047', '0297-4992146', '', 4),
(241, 23, 'ESC. PRIMARIA PROV. Nº 45 PATAGONIA ARGENTINA', 'SAAVEDRA 322', '0297-4992234', '', 4),
(242, 23, 'ESC. PRIMARIA PROV. Nº 52 DOMINGO MIGUEL GIMENEZ FARALDO', 'ESPAÑA 461', '0297-4992860', '', 4),
(243, 23, 'ESC. PRIMARIA PROV. Nº 85', 'BELGRANO 172', '0297-4991766', '', 4),
(244, 23, 'COLEGIO JUAN XXIII (SECUNDARIO)', 'MARIANO MORENO 455', '0297-4992612', '', 4),
(246, 23, 'COLEGIO PROV. DE EDUCACION SECUNDARIA Nº 45', 'SARMIENTO 688', '-', '', 4),
(247, 23, 'ESCUELA INDUSTRIAL Nº 02', 'ESPAÑA 1075', '0297-4990669', '', 4),
(248, 24, 'HOSPITAL SECCIONAL DR. ARMANDO ZAMUDIO', 'Saenz Peña s/n', '(02962) 497125', '', 4),
(249, 24, 'DIVISIÓN COMISARIA SECCIONAL PRIMERA', 'Lavalle Este 70', '2962-497117/497063 (fax)', '', 2),
(250, 24, 'DIVISIÓN COMISARIA SECCIONAL SEGUNDA', 'Ruta Nacional N° 3 Km 2373 Mz.205 B', '2966-463785', '', 2),
(251, 24, 'DIVISIÓN COMISARIA DE LA MUJER Y LA FAMILIA', 'San Martin 242', '2962-497192 (fax)', '', 2),
(252, 24, 'DIVISIÓN CUARTEL 15 BOMBEROS', 'Julia Dufour s/n', '2962-497577/497818(fax)', '', 2),
(253, 24, 'E.P.J.A. PRIMARIA Nº 12', 'MITRE 478', '02962-497346', '', 4),
(254, 24, 'E.P.J.A. SECUNDARIA Nº 07 PROF JORGE FERNANDEZ', 'MITRE 478', '02962-497338', '', 4),
(256, 24, 'JARDIN DE INFANTES Nº 05 RASTREADOR GUARANI', 'SIMON BOLIVAR 315', '02962-497500', '', 4),
(257, 24, 'JARDIN DE INFANTES Nº 61', 'BARRIO MILITAR - CASA 151', '02962-492035', '', 4),
(258, 24, 'ESC. PRIMARIA PROV. Nº 06 ISLA PAVON', 'JOSE MENENDEZ 178', '02962-497261', '', 4),
(259, 24, 'ESC. PRIMARIA PROV. Nº 86', 'MITRE 478', '02962-497338', '', 4),
(260, 24, 'ESCUELITA DEL RIO', 'BARRIO 118 VIV. IDUV', '02962-497758', '', 4),
(261, 24, 'COLEGIO PROV. DE EDUCACION SECUNDARIA Nº 01 J. F. TOGNON', 'SIMON BOLIVAR 421', '02962-497732', '', 4),
(262, 25, 'Municipalidad de Puerto Deseado', 'Alte. Brown nº 415 ', '4872248', '', 1),
(263, 25, 'Correo Argentino - Sucursal Puerto Deseado', 'San Martin nº 1075 ', '4870362', '', 5),
(264, 25, 'HOSPITAL DISTR. PTO. DESEADO', 'España N° 991 - (0297) 4872364', '(0297) 4872364', '', 3),
(266, 25, 'DIVISIÓN COMISARIA DEL A MUJER Y LA FAMILIA', 'Belgrano 420', '297-4870914', '', 2),
(267, 25, 'DIVISIÓN CUARTEL 22', '12 de Octubre y Perito Moreno', '297-4870066/4872625/4872557/4872625 (Planta Verif)', '', 2),
(268, 25, 'DIVISIÓN CUARTEL 4', 'Ameghino F. 1068', '297-4871346', '', 2),
(269, 25, 'E.P.J.A. PRIMARIA Nº 06 MARIO CACCIA', '12 DE October 1608', '0297-4872579', '', 4),
(270, 25, 'E.P.J.A. SECUNDARIA Nº 18', 'MARIANO MORENO 230', '0297-4870259', '', 4),
(271, 25, 'ESCUELA ESPECIAL Nº 11 CANTO A LA VIDA', 'SARMIENTO 255', '0297-4871069', '', 4),
(273, 25, 'JARDIN DE INFANTES Nº 09 CHALTEN', 'VENEZUELA 1364', '0297-4870586', '', 4),
(274, 25, 'JARDIN DE INFANTES Nº 39 AONIKENKE', 'GOB. GREGORES 1254', '0297-4871194', '', 4),
(275, 25, 'JARDIN DE INFANTES Nº 56 AIDA ROSA WILSON', 'BATALLA PUERTO ARGENTINO 1386', '0297-4872342', '', 4),
(276, 25, 'ESC. PRIMARIA PROV. Nº 05 CAPITAN ANTONIO ONETO', 'ESTRADA 1163', '0297-4870246', '', 4),
(277, 25, 'ESC. PRIMARIA PROV. Nº 56 KREWEN KAU', 'VENEZUELA Y PATAGONIA', '0297-4870239', '', 4),
(278, 25, 'ESC. PRIMARIA PROV. Nº 66 FUERTE SAN CARLOS', 'CAPITAN ONETO 1355', '0297-4872623', '', 4),
(279, 25, 'ESC. PRIMARIA PROV. Nº 87', 'ING. PORTELLA 1549', '0297-4871326', '', 4),
(281, 25, 'INSTITUTO SALESIANO SAN JOSE (PRIMARIO)', '12 DE October 0577', '0297-4870147', '', 4),
(282, 25, 'COLEGIO PROV. DE EDUCACION SECUNDARIA Nº 24 17 DE AGOSTO', 'MARIANO MORENO 230', '0297-4870259', '', 4),
(283, 25, 'INSTITUTO SALESIANO SAN JOSE (SECUNDARIO)', '12 DE October 0577', '0297-4870147', '', 4),
(284, 25, 'ESCUELA INDUSTRIAL Nº 03 OSCAR SMITH', 'AV. MAYOR LOTUFO 91', '0297-4872741', '', 4),
(285, 26, 'Municipalidad de Puerto San Julian', 'Av. San Martin y Rivadavia', '02962-452076/4155/2353', '', 1),
(286, 26, 'Terminal de Omnibus', 'Av. San Martin 1570', '', '', 5),
(287, 26, 'Aeropuerto San Julian', 'Av. San Martin 335', '02962-45141', '', 5),
(288, 26, 'HOSPITAL DISTR. PTO. SAN JULIAN', 'Av. Costanera esq. El Cano', '(02962) 452188', '', 4),
(289, 26, 'DIRECCIÓN GENERAL DE REGIONAL CENTRO', 'Roca 980', '2962-452170', '', 2),
(290, 26, 'DIVISIÓN COMISARIA SECCIONAL PRIMERA', 'Av. San Martin 864', '2962-452202/452122 (fax)', '', 2),
(291, 26, 'DIVISIÓN COMISARIA SECCIONAL SEGUNDA', 'Nicanor Hernández 2115', '2962-452254/452355 (fax)/452446', '', 2),
(292, 26, 'DIVISIÓN COMANDO RADIOELECTRICO', 'Av. San Martin 882', '2962-452170', '', 2),
(293, 26, 'DIVISIÓN UNIDAD OPERATIVA TRES CERROS', 'Tres Cerros', '2966-538629', '', 2),
(294, 26, 'DIVISIÓN CUARTEL 3 BOMBEROS', 'Roca 970', '2962-452065', '', 2),
(295, 26, 'E.P.J.A. PRIMARIA Nº 09 PREFECTURA NAVAL ARGENTINA', 'AV SAN MARTIN 145', '02962-452400', '', 4),
(296, 26, 'E.P.J.A. SECUNDARIA Nº 15', 'AVDA. SAN MARTIN Y ROCA', '02962-452311', '', 4),
(297, 26, 'ESCUELA ESPECIAL Nº 12', 'VELEZ SARSFIELD 886', '02962-454468', '', 4),
(298, 26, 'JARDIN DE INFANTES GARABATOS', 'COLON 251', '02962-454188', '', 4),
(299, 26, 'JARDIN DE INFANTES Nº 04 GRANADEROS DE SAN MARTIN', 'DARWIN 1760', '02962-452127', '', 4),
(300, 26, 'JARDIN DE INFANTES Nº 64', 'PERIODICO EL ECO 1616', '-', '', 4),
(301, 26, 'ESC. PRIMARIA PROV. Nº 04 FLORENTINO AMEGHINO', 'VIEYTES 775', '02962-452101', '', 4),
(302, 26, 'ESC. PRIMARIA PROV. Nº 75 SANTO GIULIANO DE CESAREA', 'DARWIN 1651', '02962-454231', '', 4),
(304, 26, 'COLEGIO PROV. DE EDUCACION SECUNDARIA Nº 02 FLORIDA BLANCA', 'ALBERDI 1759', '02962-452061', '', 4),
(305, 26, 'ESCUELA INDUSTRIAL Nº 08', 'ALBERDI 1759', '02962-414536', '', 4),
(306, 27, 'Municipio de Puerto Santa Cruz', 'Dirección Belgrano Nº 527', '', 'https://www.puertosantacruz.gob.ar/?q=contacto', 1),
(307, 27, 'HOSPITAL SECCIONAL EDUARDO CANOSA', 'Juan William N° 448', '(02962) 498153', '', 3),
(308, 27, 'DIVISIÓN COMISARIA', 'San Juan Bosco y Mariano Moreno', '2962-498111/498166', '', 2),
(309, 27, 'UNIDAD DE BOMBEROS 7 BOMBEROS', 'San Juan Bosco 470', '2962-498300', '', 2),
(310, 27, 'E.P.J.A. PRIMARIA Nº 17 \"GUARDACOSTAS RIO IGUAZU\"', '9 DE July 0610', '02962-498751', '', 4),
(311, 27, 'E.P.J.A. SECUNDARIA Nº 05', 'ALFEREZ BALESTRA 556', '02962-498127', '', 4),
(313, 27, 'JARDIN DE INFANTES Nº 03 TAMBORCITO DE TACUARI', 'FRANK M.LEWIS 248', '02962-498224', '', 4),
(314, 27, 'ESC. PRIMARIA PROV. Nº 02 DOMINGO F.SARMIENTO', '25 DE May 0460', '02962-498318', '', 4),
(316, 27, 'COLEGIO PROV. DE EDUCACION SECUNDARIA Nº 08 NACIONES UNIDAS', 'ALFERES BALESTRA 556', '02962-498127', '', 4),
(317, 28, 'DIVISIÓN UNIDAD OPERATIVA RAMÓN SANTOS', 'Ruta Nacional N° 3 Limite con Pcia. de Chubut', '2966-549055', '', 2),
(318, 29, 'Medisur SA', 'Maipú 55', '2966 423000', 'medisur-rgl.com.ar', 3),
(319, 29, 'San Juan Bosco', 'San Martín 350', '2966 420555', 'medisur-rgl.com.ar', 3),
(320, 29, 'Guardia Medisur', 'Santiago del estero 236', '2966 421200', 'medisur-rgl.com.ar', 3),
(321, 29, 'San Jose', 'Corrientes 253', '02966 42-0214', '', 3),
(322, 29, 'Defensa Civil', 'Gdor. Ramon Lista 327', '02966-420042', '', 5),
(323, 29, 'Subsecretaria de la Mujer', 'Moreno Nº 175', '02966 – 436811 / GUARDIA: (02966) 15464122 02966 – 15644943', '', 2),
(324, 29, 'Municipalidad de Rio Gallegos', 'Avda. San Martin 791', '2966-422365/6', 'https://www.riogallegos.gov.ar/', 1),
(325, 29, 'Servicios Publicos', 'Av. Pte. Néstor Kirchner, 669', '(02966)-422322  -  0800-222-7773', 'http://www.spse.com.ar/ ', 5),
(326, 29, 'Vialidad Provincial', 'Av. Lisandro de la Torre 952', '02966 44-2367', 'http://www.agvp.gov.ar/', 5),
(327, 29, 'ANSES ', 'Vélez Sársfield 399', '02966 42-0999', 'https://www.anses.gob.ar/', 1),
(328, 29, 'Camuzzi - Gas del Sur', 'C Pellegrini 241 PB', '2966-427582  -   0810-555-3698', 'http://www.camuzzigas.com/', 5),
(329, 29, 'Registro Civil Provincia de Santa Cruz', 'Moreno 123', '2966-422651', '', 5),
(330, 29, 'Servicios Generales', '', '457804', '', 5),
(331, 29, 'Control Animal', 'Paseo de los Arrieros y Ruta N° 3', '442571', '', 5),
(332, 29, 'Terminal Omnibus Rio Gallegos', 'Eva Perón 1451-1499', '02966 44-2169', '', 5),
(333, 29, 'Correo Argentino - Sucursal Rio Gallegos', 'Av.Pte.Nestor Kirchner 893', '02966-420193', '', 5),
(334, 29, 'L.O.A.S', 'Períto Moreno 116 esq. Zapiola', '(02966) 422631', '', 6),
(335, 29, 'Canal 9', 'Hipólito Irigoyen 250', '2966 428862', 'http://canalnuevesantacruz.tv/web/', 5),
(336, 29, 'DIRECCIÓN GENERAL REGIONAL SUR', 'Prospero Palazzo 820', '2966-426745 / 426759', '', 2),
(337, 29, 'DIVISIÓN COMANDO RADIOELÉCTRICO', 'Jofre de Loaiza 451', '2966-420505/437804/429002/420979', '', 2),
(338, 29, 'DIVISIÓN COMISARIA SECCIONAL PRIMERA', 'Av. Pdte. Néstor C. Kirchner 534', '2966-420993/420016/449976/424134 (fax)', '', 2),
(339, 29, 'DIVISIÓN COMISARIA SECCIONAL SEGUNDA', 'Ameghino 85', '2966-420031/436612/423200(fax)', '', 2),
(340, 29, 'DIVISIÓN COMISARIA SECCIONAL TERCERA', 'Av. Paradelo s/n', '2966-420100 (fax)/420313', '', 2),
(341, 29, 'DIVISIÓN COMISARIA SECCIONAL CUARTA', 'Hernán Cortez 301 y Gervasio Posadas', '2966-423222/428376 (fax)', '', 2),
(342, 29, 'DIVISIÓN COMISARIA SECCIONAL QUINTA', 'Illia Arturo H. 2330', '2966-432714/431794', '', 2),
(343, 29, 'DIVISIÓN COMISARIA SECCIONAL SEXTA', 'Lola Mora 441', '2966-423257/423616 (fax)', '', 2),
(344, 29, 'DIVISIÓN COMISARIA SECCIONAL SÉPTIMA', 'B° San Benito – Calle 13 y 32', '2966-669638 (claro) / 2966-463592 / 2966-463593', '', 2),
(345, 29, 'DIVISIÓN COMISARIA DE LA MUJER Y LA FAMILIA', 'Mitre 170', '2966-428685', '', 2),
(346, 29, 'DIVISIÓN UNIDAD OPERATIVA COMISARIA GUER AIKE', 'Ruta Nacional N° 3', '2966-648535', '', 2),
(347, 29, 'DIVISIÓN UNIDAD OPERATIVA COMISARIA CHIMEN AIKE', 'Ruta Nacional N° 3', '2966-637221', '', 2),
(348, 29, 'DIVISIÓN UNIDAD OPERATIVA LA ESPERANZA', 'Ruta 40 – Paraje La Esperanza', '2966-422291', '', 2),
(349, 29, 'DIVISIÓN CUARTEL CENTRAL DE BOMBEROS', 'Av. Lisandro de la Torre (s/n) y Silvano Picard (1084)', '2966-420861/422260', '', 2),
(350, 29, 'DIVISIÓN CUARTEL 1o BOMBEROS', 'Gobernador Lista 385', '2966-420232/431247', '', 2),
(351, 29, 'DIVISIÓN CUARTEL 2o BOMBEROS', 'Posadas Gervacio s/n', '2966-420600', '', 2),
(352, 29, 'DIVISIÓN CUARTEL 19o BOMBEROS', 'Avenida Paradelo 120', '2966-444463', '', 2),
(353, 29, 'DIVISIÓN CUARTEL 24o BOMBEROS', 'Calle 32 esquina calle 17', '2966-639019', '', 2),
(354, 29, 'CENTRO DE SALUD Nº 1', 'Pasteur esquina Perito Moreno', '(2966) - 428968', '', 3),
(355, 29, 'CENTRO DE SALUD N° 2', 'Psje. Zucarino S/N entre calles corrientes y Amegnino', '(2966) - 422874', '', 3),
(356, 29, 'CENTRO DE SALUD N° 3', 'Alvear esq. Los Pozos', '(2966) - 42-8970', '', 3),
(357, 29, 'CENTRO DE SALUD N° 4', 'San Jose Obrero', '(2966) 42-8975', '', 3),
(358, 29, 'CENTRO DE SALUD N° 5', 'Angel Carnota S/N', '(2966) 42-8979', '', 3),
(359, 29, 'CENTRO DE SALUD N° 6', 'Av. Perito moreno S/N', '(2966) 44-2296', '', 3),
(360, 29, 'CENTRO DE SALUD N° 7', '13 de Julio esq. Arturo Illia', '(2966) 422759', '', 3),
(361, 29, 'CENTRO DE SALUD N° 8', 'B° San Benito', '?????????????', '', 3),
(362, 29, 'HOSPITAL REGIONAL RIO GALLEGOS', 'Jose Ingenieros Nº 98', '(2966) 420641 - 426221 - 421448', '', 3),
(363, 29, 'HOSPITAL MILITAR', 'Av. José de San Martín 2270', '?????????????', '', 3),
(364, 29, 'CENTRO DE CAPACITACION LABORAL DOMINGO SAVIO', 'DEFENSA 633', '02966-431988', '', 4),
(365, 29, 'E.P.J.A. PRIMARIA Nº 01 CARLOS PELLEGRINI', 'AV.KIRCHNER 1432', '02966-420511', '', 4),
(366, 29, 'E.P.J.A. PRIMARIA Nº 04 FRAGATA LIBERTAD', 'AMEGHINO 1218', '02966-431270', '', 4),
(367, 29, 'E.P.J.A. PRIMARIA Nº 08', 'BELGRANO 1386', '02966-429069', '', 4),
(368, 29, 'E.P.J.A. SECUNDARIA Nº 09', 'JARAMILLO 620', '02966-436646', '', 4),
(369, 29, 'E.P.J.A. SECUNDARIA Nº 10', 'BELGRANO 390', '02966-438090', '', 4),
(370, 29, 'E.P.J.A. SECUNDARIA Nº 12 MANUEL BELGRANO', 'COMODORO PY 361', '02966-437288', '', 4),
(371, 29, 'E.P.J.A. SECUNDARIA Nº 17 CENTENARIO DE RIO GALLEGOS', 'PERITO MORENO 630', '02966-430419', '', 4),
(372, 29, 'E.P.J.A. SECUNDARIA Nº 20', 'ALVEAR 1427', '', '', 4),
(373, 29, 'ESCUELA ESPECIAL Nº 01 TALENGH-KAU', 'RAMON Y CAJAL 413', '02966-420257', '', 4),
(374, 29, 'ESCUELA ESPECIAL Nº 04', 'VELEZ SARSFIELD 1087', '02966-435623', '', 4),
(375, 29, 'ESCUELA ESPECIAL Nº 06', 'LAS PIEDRAS 345', '02966-426593', '', 4),
(376, 29, 'ESCUELA ESPECIAL Nº 10', 'COMODORO PY 315', '02966-426836', '', 4),
(377, 29, 'ESCUELA ESPECIAL Nº 14 USH NASH', 'POSADAS 753', '02966-426184', '', 4),
(378, 29, 'INSTITUTO PARA TRASTORNOS DEL ESPECTRO AUTISTA', 'MURATORE 444', '02966-444857', '', 4),
(380, 29, 'JARDIN DE INFANTES JUANITO BOSCO', 'FAGNANO 142', '02966 -420394', '', 4),
(381, 29, 'JARDIN DE INFANTES MEDALLA MILAGROSA', 'CHACABUCO 107', '02966-420071', '', 4),
(382, 29, 'JARDIN DE INFANTES NIÑA MARIA', 'HIPOLITO YRIGOYEN 454', '02966-432943', '', 4),
(383, 29, 'JARDIN DE INFANTES Nº 01 MARIA BARON DE GUTIERREZ', 'ALVEAR 67', '02966-420138', '', 4),
(384, 29, 'JARDIN DE INFANTES Nº 13 ROSARIO VERA PEÑALOZA', 'PETREL 1125', '02966-420219', '', 4),
(385, 29, 'JARDIN DE INFANTES Nº 15 EJERCITO ARGENTINO', 'PERITO MORENO 590', '02966-437528', '', 4),
(386, 29, 'JARDIN DE INFANTES Nº 16 MERCEDITAS DE SAN MARTIN', 'AVENIDA PARADELO 305', '02966-422019', '', 4),
(387, 29, 'JARDIN DE INFANTES Nº 17 FEDERICO FROEBEL', 'PELLEGRINI 367', '02966-421999', '', 4),
(388, 29, 'JARDIN DE INFANTES Nº 19 SAN VICENTE DE PAUL', 'COLON 560', '02966-424004', '', 4),
(389, 29, 'JARDIN DE INFANTES Nº 22 KOSPI', 'DEFENSA 660', '02966-436041', '', 4),
(390, 29, 'JARDIN DE INFANTES Nº 24 LOS CHARITOS', 'FITZ ROY 124', '02966-421406', '', 4),
(391, 29, 'JARDIN DE INFANTES Nº 35 TALENKE AMEL', 'AV. EVA PERON 1325', '02966-435158', '', 4),
(392, 29, 'JARDIN DE INFANTES Nº 37 EVITA', 'POSADAS 616', '02966-426396', '', 4),
(393, 29, 'JARDIN DE INFANTES Nº 41 CHEELKENEU', 'LUIS GOTTI 614', '02966-436768', '', 4),
(11, 1, 'COLEGIO PROV. DE EDUCACION SECUNDARIA Nº 12 DR. M. CASTULO P', 'ANTARTIDA ARGENTINA 1164', '02902-482400', '', 4),
(39, 4, 'CENTRO EDUCATIVO DE FORMACION Y ACTUALIZACION PROFESIONAL Nº', 'PJE. DURAZNILLO S/N', '0297-4830962', '', 4),
(40, 4, 'INSTITUTO PRIVADO DE ENSEÑANZA BILINGUE \"ING GUSTAVO ALBERTO', 'PRESIDENTE PERON 358', '0297-4831344', '', 4),
(70, 4, 'COLEGIO PROV. DE EDUCACION SECUNDARIA Nº 06 NICOLAS AVELLANE', 'JULIO BENITEZ 1390', '0297-4851215', '', 4),
(72, 4, 'COLEGIO PROV. DE EDUCACION SECUNDARIA Nº 20 GRAL. JOSE DE SA', 'JOSE KOLTUM 1370', '0297-4854056', '', 4),
(80, 4, 'ESCUELA DE BIOLOGIA MARINA Y LABORATORISTA Nº 1 ATLANTICO SU', 'EVA PERON 73', '0297-4854058', '', 4),
(109, 6, 'ESC. PRIMARIA PROV. Nº 80 M. ROSARIO AVELLEIRA DE VILLANUSTR', 'PROF. NORMA ROTONDO 53', '02902-492637', '', 4),
(113, 6, 'COLEGIO PROV. DE EDUCACION SECUNDARIA Nº 09 POLICIA DE PCIA ', 'JULIO ARGENTINO ROCA 1325', '02902-491412', '', 4),
(176, 20, 'CENTRO EDUCATIVO DE FORMACION Y ACTUALIZACION PROFESIONAL Nº', 'INACTIVO A LA FECHA', '', '', 4),
(187, 20, 'COLEGIO PROV. DE EDUCACION SECUNDARIA Nº 03 JOSE MANUEL ESTR', 'HIPOLITO YRIGOYEN 970', '0297-4974678', '', 4),
(201, 21, 'COLEGIO PROV. DE EDUCACION SECUNDARIA Nº 15 CARLOS MARIA MOY', 'PERITO MORENO 253', '02963-491381', '', 4),
(210, 22, 'CENTRO EDUCATIVO DE FORMACION Y ACTUALIZACION PROFESIONAL Nº', 'AVDA. JUAN DOMINGO PERON 1733', '-', '', 4),
(216, 22, 'COLEGIO PROV. DE EDUCACION SECUNDARIA Nº 05 MARTIN MIGUEL DE', 'COLON 1577', '02963-432290', '', 4),
(228, 23, 'CENTRO EDUCATIVO DE FORMACION Y ACTUALIZACION PROFESIONAL Nº', 'SIN DIRECCION ASIGNADA', '', '', 4),
(245, 23, 'COLEGIO PROV. DE EDUCACION SECUNDARIA Nº 14 CENT. DE LA CONQ', 'MARIANO MORENO 1222', '0297-4992206', '', 4),
(255, 24, 'CENTRO EDUCATIVO DE FORMACION Y ACTUALIZACION PROFESIONAL Nº', 'INACTIVO A LA FECHA', '-', '', 4),
(265, 25, 'DIVISIÓN COMISARIA PTO.DESEADO', 'Ameghino F. 1080', '297-4870946 (fax)/4872777/4871321/4871208/4872556(101)/48711', '', 2),
(272, 25, 'CENTRO EDUCATIVO DE FORMACION Y ACTUALIZACION PROFESIONAL Nº', 'AV. MAYOR LOTUFO 91', '-', '', 4),
(280, 25, 'INSTITUTO MARIA AUXILIADORA (PD) (INICIAL - PRIMARIA - SECUN', 'MARIANO MORENO 411', '0297-4870252', '', 4),
(303, 26, 'INSTITUTO MARIA AUXILIADORA (PSJ) (INICIAL - PRIMARIA - SECU', 'ZEBALLOS 1191', '02962-452063', '', 4),
(312, 27, 'CENTRO EDUCATIVO DE FORMACION Y ACTUALIZACION PROFESIONAL Nº', '25 DE May 0460', '02962-498318', '', 4),
(315, 27, 'INSTITUTO MARIA AUXILIADORA (PSC) (INICIAL - PRIMARIA - SECU', '25 DE May 0540', '02962-498290', '', 4),
(379, 29, 'CENTRO EDUCATIVO DE FORMACION Y ACTUALIZACION PROFESIONAL Nº', 'MITRE 291', '02966-433949', '', 4),
(394, 29, 'JARDIN DE INFANTES Nº 43 BARRILETE VIAJERO', 'JARAMILLO 666', '02966-436130', '', 4),
(395, 29, 'JARDIN DE INFANTES Nº 44 MARIA TERESA POMI', 'BELGRANO S/N', '02966-420885', '', 4),
(396, 29, 'JARDIN DE INFANTES Nº 50 KAU SI AIKE', 'ALCORTA 805', '02966-436206', '', 4),
(397, 29, 'JARDIN DE INFANTES Nº 53 KETENK AIKE', 'SAN LORENZO entre FERRADÁ y GARCÍA', '02966-422628', '', 4),
(398, 29, 'JARDIN DE INFANTES Nº 65', 'CALLE 19 ESQ. CALLE 14 (Bº SAN BENITO)', '', '', 4),
(399, 29, 'JARDIN DE INFANTES Nº 66', 'EINSTEIN ESQ. ENTRAIGA (Bº EVITA)', '', '', 4),
(400, 29, 'JARDIN DE INFANTES XOSHEN AIKE', 'MARIANO MORENO 986', '02966-426252', '', 4),
(401, 29, 'ESC. PRIMARIA NUESTRA SEÑORA DE LUJAN', 'FAGNANO 142', '02966-420394', '', 4),
(402, 29, 'ESC. PRIMARIA PROV. Nº 01 HERNANDO DE MAGALLANES', 'MAIPU 53', '02966-426769', '', 4),
(403, 29, 'ESC. PRIMARIA PROV. Nº 10 HIPOLITO IRIGOYEN', 'AV. DE LOS INMIGRANTES 700', '02966-420806', '', 4),
(404, 29, 'ESC. PRIMARIA PROV. Nº 11 SESQUICENTENARIO DE LA REVOL.DE MA', 'PERITO MORENO 590', '02966-420149', '', 4),
(405, 29, 'ESC. PRIMARIA PROV. Nº 15 PCIA. DE SANTIAGO DEL ESTERO', 'PELLEGRINI 357', '02966-420703', '', 4),
(406, 29, 'ESC. PRIMARIA PROV. Nº 19 CTE. LUIS PIEDRA BUENA', 'AV.KIRCHNER 1432', '02966-420511', '', 4),
(407, 29, 'ESC. PRIMARIA PROV. Nº 33 COM. INSP. VICTORIANO EDUARDO TARE', 'LIBERTAD 1390', '02966-422178', '', 4),
(408, 29, 'ESC. PRIMARIA PROV. Nº 38 GRAL.SAN MARTIN', 'CAÑADON SECO 400', '02966-422012', '', 4),
(409, 29, 'ESC. PRIMARIA PROV. Nº 39 PABLO VI', 'COLON 520', '02966-424085', '', 4),
(410, 29, 'ESC. PRIMARIA PROV. Nº 41 REP.DE VENEZUELA', 'LAS PIEDRAS 1158', '02966-438185', '', 4),
(411, 29, 'ESC. PRIMARIA PROV. Nº 44 19 DE DICIEMBRE', 'SAN JOSE OBRERO 654', '02966-422263', '', 4),
(412, 29, 'ESC. PRIMARIA PROV. Nº 46 INTEGRACION LATINOAMERICANA', 'JARAMILLO 620', '02966-436646', '', 4),
(413, 29, 'ESC. PRIMARIA PROV. Nº 47 NTRA. SRA. DE LORETO', 'AVDA. EVA PERON 1351', '02966-426605', '', 4),
(414, 29, 'ESC. PRIMARIA PROV. Nº 55 VAPOR TRANSP. VILLARINO', 'PRESIDENTE PERON 454', '02966-427497', '', 4),
(415, 29, 'ESC. PRIMARIA PROV. Nº 58 CRUCERO ARA GRAL. BELGRANO', 'BELGRANO 1386', '02966-429069', '', 4),
(416, 29, 'ESC. PRIMARIA PROV. Nº 61 CELIA SUAREZ DE SUSACASA', 'BENITO PEREZ GALDOS 2150', '02966-436205', '', 4),
(417, 29, 'ESC. PRIMARIA PROV. Nº 62 \"RENE GERONIMO FAVALORO\"', 'LUIS GOTTI 577', '02966-442832', '', 4),
(418, 29, 'ESC. PRIMARIA PROV. Nº 63 PILOTO CAPITAN DANILO BOLZAN', 'JOSE INGENIEROS 1850', '02966-437850', '', 4),
(419, 29, 'ESC. PRIMARIA PROV. Nº 70 DR. JULIO LADVOCAT', 'ERRAZURIZ 145', '02966-434159', '', 4),
(420, 29, 'ESC. PRIMARIA PROV. Nº 71 PIONEROS DE SANTA CRUZ', 'WILLIAM HALLIDAY 183', '02966-420258', '', 4),
(421, 29, 'ESC. PRIMARIA PROV. Nº 78 JOSE H. ORTEGA', 'COMODORO PY 361', '02966-437288', '', 4),
(422, 29, 'ESC. PRIMARIA PROV. Nº 81 \"PADRE JUAN BARRIO HERRERO\"', 'AMEGHINO 1218', '02966-429025', '', 4),
(423, 29, 'ESC. PRIMARIA PROV. Nº 83', 'ITUZAINGO 689', '02966-426960', '', 4),
(424, 29, 'ESC. PRIMARIA PROV. Nº 90 \"HUGO GIMENEZ AGÜERO\"', 'LUIS GOTTI 577', '02966-442832', '', 4),
(425, 29, 'ESCUELA NUESTRA SEÑORA DE FATIMA', 'ESTRADA 751', '02966-422737', '', 4),
(426, 29, 'INSTITUTO CRISTIANO DE ENSEÑANZA PATAGONICO', 'MAIPU 2470', '02966-433710', '', 4),
(427, 29, 'INSTITUTO MARIA AUXILIADORA (RGL) (INICIAL - PRIMARIO)', 'AV. KIRCHNER 529', '02966-420229', '', 4),
(428, 29, 'INSTITUTO PRIVADO AUSTRO', 'HIPOLITO YRIGOYEN 450', '02966-444726', '', 4),
(429, 29, 'INSTITUTO PRIVADO DE EDUCACION INTEGRAL', 'ZAPIOLA 155', '02966-423727', '', 4),
(430, 29, 'CENTRO POLIVALENTE DE ARTE N° 1', 'COMODORO PY 312', '02966-424939', '', 4),
(431, 29, 'COLEGIO PROV. DE EDUCACION SECUNDARIA Nº 07 DR. JULIO LADVOC', 'DON BOSCO 105', '02966-426198', '', 4),
(432, 29, 'COLEGIO PROV. DE EDUCACION SECUNDARIA Nº 10 GOB. JUAN MANUEL', 'PERITO MORENO 630', '02966-426859', '', 4),
(433, 29, 'COLEGIO PROV. DE EDUCACION SECUNDARIA Nº 11 GRAL. JULIO ARGE', 'BELLA VISTA 660', '02966-430560', '', 4),
(434, 29, 'COLEGIO PROV. DE EDUCACION SECUNDARIA Nº 16 MARIA R.DE BATTI', 'AMEGHINO 1218', '02966-438518', '', 4),
(435, 29, 'COLEGIO PROV. DE EDUCACION SECUNDARIA Nº 17 MARIO CASTULO PA', 'BECCAR Y SOLIS', '02966-426787', '', 4),
(436, 29, 'COLEGIO PROV. DE EDUCACION SECUNDARIA Nº 18 TOPOGRAFO DON MA', 'BENITO PEREZ GALDOS 2150', '02966-436205', '', 4),
(437, 29, 'COLEGIO PROV. DE EDUCACION SECUNDARIA Nº 19 CINCUENTENARIO L', 'ALVEAR 1427', '02966-431500', '', 4),
(438, 29, 'COLEGIO PROV. DE EDUCACION SECUNDARIA Nº 23 REP. DE GUATEMAL', 'WILLIAM HALLIDAY 183', '02966-420258', '', 4),
(439, 29, 'COLEGIO PROV. DE EDUCACION SECUNDARIA Nº 25 LAGO DEL DESIERT', 'ALBERDI 518', '02966-427467', '', 4),
(440, 29, 'COLEGIO PROV. DE EDUCACION SECUNDARIA Nº 26 PAULA A. DE SARM', 'BELGRANO 390', '02966-422914', '', 4),
(441, 29, 'COLEGIO PROV. DE EDUCACION SECUNDARIA Nº 36', 'DR. BORIS GOS 1111', '', '', 4),
(442, 29, 'COLEGIO PROV. DE EDUCACION SECUNDARIA Nº 37', 'DON BOSCO 105', '02966-426198', '', 4),
(443, 29, 'COLEGIO PROV. DE EDUCACION SECUNDARIA Nº 38', 'PERITO MORENO 630', '02966-426859', '', 4),
(444, 29, 'COLEGIO PROV. DE EDUCACION SECUNDARIA Nº 39', 'JUAN DIAZ DE SOLIS 1147', '02966-426787', '', 4),
(445, 29, 'COLEGIO PROV. DE EDUCACION SECUNDARIA Nº 40', 'ALVEAR 1427', '02966-431500', '', 4),
(446, 29, 'COLEGIO PROV. DE EDUCACION SECUNDARIA Nº 41', '', '-', '', 4),
(447, 29, 'COLEGIO SECUNDARIO NUESTRA SEÑORA DE FATIMA', 'ESTRADA 751', '02966-422737', '', 4),
(448, 29, 'COLEGIO SECUNDARIO NUESTRA SEÑORA DE LUJAN', 'FAGNANO 142', '02966-420394', '', 4),
(449, 29, 'INSTITUTO MARIA AUXILIADORA (RGL) (SECUNDARIO)', 'AV. KIRCHNER 529', '02966-420229', '', 4),
(450, 29, 'INSTITUTO CRISTIANO DE ENSEÑANZA PATAGONICO', 'MAIPU 2470', '02966-433710', '', 4),
(451, 29, 'INSTITUTO PRIVADO DE EDUCACIÓN INTEGRAL', 'ZAPIOLA 155', '02966-423727', '', 4),
(452, 29, 'POPLARS JUNIOR SCHOOL', 'ESTRADA 355', '02966-425703', '', 4),
(453, 29, 'CONSERVATORIO PROV. DE MUSICA PADRE EUGENIO ROSSO', 'ALVEAR 315', '02966-436463', '', 4),
(454, 29, 'ESCUELA TECNICA DE VIALIDAD Nº 5', 'JUAN DIAZ DE SOLIS 1147', '02966-429173', '', 4),
(455, 29, 'INSTITUTO PROVINCIAL DE EDUCACION SUPERIOR (RGL)', 'WILLIAM HALLIDAY 183', '02966-436189', '', 4),
(456, 29, 'INSTITUTO SALESIANO DE ESTUDIOS SUPERIORES', 'FAGNANO 142', '02966-420394', '', 4),
(457, 29, 'INSTITUTO SUPERIOR DE ENSEÑANZA TECNICA', 'ALCORTA 250', '02966-430624', '', 4),
(458, 29, 'INSTITUTO SUPERIOR DE FORMACION POLICIAL \"CRIO. INSP. (R) VI', 'RUTA Nº 3 - KM. 2579', '02966-420085', '', 4),
(459, 29, 'ESCUELA INDUSTRIAL Nº 04 JOSE MENENDEZ', 'MITRE 291', '02966-427707', '', 4),
(460, 29, 'ESCUELA INDUSTRIAL Nº 06 Xº BRIGADA AEREA', 'RUTA NACIONAL Nº 3', '02966-15639012', '', 4),
(461, 30, 'Caja De Servicios Sociales', '', '(2902) 42 - 1496 / 42 - 2779', '', 1),
(462, 30, 'Servicos Publicos ', '', '(2902) 42 - 2363 /42 - 1256', '', 5),
(463, 30, 'Municipalidad de Rio Turbio', 'Juan Jose Paso y San Martin, Z9407 Río Turbio, Santa Cruz, A', '02902 42-1160', 'https://www.municipalidad.com.ar/Home/Menu', 1),
(464, 30, 'HOSPITAL DE LA CUENCA CARBONIFERA', 'Gendarmeria nacional N° 126', '(02902) 421335', '', 3),
(465, 30, 'DIVISIÓN COMISARIA RIO TURBIO', 'Av. D. Castillo s/n', '2902-421171/421172/421196 (fax)/ 410569 (Destacamento Turbio', '', 2),
(466, 30, 'DIVISIÓN COMANDO RADIOELECTRICO RIO TURBIO', 'Av. D. Castillo s/n', '2902-421171/421172/421196 (fax)', '', 2),
(467, 30, 'DIVISIÓN UNIDAD OPERATIVA JULIA DUFOUR', 'Julia Dufour – Ruta 40', '2902-482920 (fax) / 482644 (Destacamento Krashh)', '', 2),
(468, 30, 'DIVISIÓN CUARTEL 9 BOMBEROS', 'Teniente del Castillo s/n', '2902-421233', '', 2),
(469, 30, 'E.P.J.A. PRIMARIA Nº 03 CAMPAMENTO DE MARINA', 'GLACIAR BOLADOS 221', '02902-421111', '', 4),
(470, 30, 'E.P.J.A. SECUNDARIA Nº 06', 'JOSE HERNANDEZ 221', '02902-421258', '', 4),
(471, 30, 'ESCUELA ESPECIAL Nº 09 KEOKEN', 'CTE. LUIS PIEDRA BUENA 268', '02902-421646', '', 4),
(472, 30, 'CENTRO EDUCATIVO DE FORMACION Y ACTUALIZACION PROFESIONAL Nº', 'AVDA. Y.C.F. 50', '02902-421185', '', 4),
(473, 30, 'JARDIN DE INFANTES BELEN', 'AVENIDA SAN MARTIN 661', '02902-421177', '', 4),
(474, 30, 'JARDIN DE INFANTES Nº 02 FUERZA AEREA ARGENTINA', 'HIPOLITO YRIGOYEN 96', '02902-421084', '', 4),
(475, 30, 'JARDIN DE INFANTES Nº 45 UAMEN TALENKE', 'GLACIAR UPSALA 60', '02902-422251', '', 4),
(476, 30, 'COLEGIO SANTA CRUZ', 'AV SAN MARTIN 661', '02902-421177', '', 4),
(477, 30, 'ESC. PRIMARIA PROV. Nº 54 WOLF SCHCOLNIK', 'SAN MARTIN 17', '02902-421722', '', 4),
(478, 30, 'ESC. PRIMARIA PROV. Nº 60 ING. NEO ZULIANI', 'GLACIAR BOLADOS 221', '02902-422312', '', 4),
(479, 30, 'ESC. PRIMARIA PROV. Nº 68', 'JULIO ARGENTINO ROCA 259', '02902-421657', '', 4),
(480, 30, 'COLEGIO PROV. DE EDUCACION SECUNDARIA Nº 04 PERITO F. PASCAC', 'JOSE HERNANDEZ 221', '02902-421258', '', 4),
(481, 30, 'COLEGIO SANTA BARBARA', 'SAN MARTIN 247', '02902-421835', '', 4),
(482, 30, 'COLEGIO SANTA CRUZ', 'AV. SAN MARTIN 661', '02902-421177', '', 4),
(483, 30, 'ESCUELA INDUSTRIAL Nº 05 TTE A. DEL CASTILLO', 'AVDA.Y.C.F. 50', '02902-421185', '', 4),
(484, 31, 'E.P.J.A. SECUNDARIA Nº 11', 'BARRIO MILITAR Nº 2', '02902-482827', '', 4),
(485, 31, 'JARDIN DE INFANTES Nº 33 NTRA SRA.DE LA NIEVES', 'BARRIO MILITAR Nº 2', '02902-482831', '', 4),
(486, 31, 'ESC. PRIMARIA PROV. Nº 50 MONSEÑOR JUAN CAGLIERO', 'BARRIO MILITAR Nº 2', '02902-482827', '', 4),
(487, 31, 'COLEGIO PROV. DE EDUCACION SECUNDARIA Nº 34', 'BARRIO MILITAR Nº 2', '02902-482827', '', 4),
(488, 32, 'ESCUELA PRIMARIA RURAL \"SAN RAMON\"', 'EST. SAN RAMON', '02962-497207', '', 4),
(489, 33, 'ESC. PRIMARIA PROV. RURAL Nº 51', 'RUTA Nº 281 KM 20', '0297-490100', '', 4),
(490, 34, 'SUBCOMISARIA', 'San Martin 18', '2962-495050 (fax) /495073 (101)', '', 2),
(491, 34, 'UNIDAD DE BOMBEROS 20', 'Crio. Ramón Santos s/n', '2962-495070 (fax)/495035/495064 (100)', '', 2),
(492, 34, 'JARDIN DE INFANTES Nº 27 SOBERANIA NACIONAL', 'AV. SAN MARTIN S/N', '02962-495055', '', 4),
(493, 34, 'ESC. PRIMARIA PROV. RURAL Nº 16 RVDO. PADRE FEDERICO TORRES', 'AVDA. SAN MARTIN S/N', '02962-495002', '', 4),
(494, 34, 'COLEGIO PROV. DE EDUCACION SECUNDARIA Nº 30', 'AVDA. SAN MARTIN S/N', '02962-495002', '', 4),
(495, 24, 'Municipalidad Piedrabuena', '', '(2962) 49-7967', '', 1),
(496, 29, 'Asip', 'Av. Pres. Dr. Nestor C. Kirchner 1045', '02966-420454', 'https://www.asip.gob.ar/', 1),
(497, 29, 'Caja de previsión Social', 'Avenida San Martín N° 1058', '54 2966 424074', 'https://cps.gov.ar/', 1),
(498, 29, 'Registro Civil Santa Cruz', 'Moreno 123', '2966-422651', '', 1),
(499, 29, 'Ministerio de la Producción, Comercio e Industria', 'Avellaneda Nº 801', '(02966) – 429462-427446', 'http://minpro.gob.ar/', 1),
(500, 29, 'Secretaria de Estado de Mineria', 'Av. Presidente Néstor Kirchner Nº 1551', '(02966) 420543 - 437224', '', 1),
(501, 29, 'Secretaria de Estado de Comercio e Industria', 'Avellaneda Nº 801', '(02966) 427446 - 429462', '', 1),
(502, 29, 'Secretaria de Estado de Pesca y Agricultura', 'Avellaneda 801', ' (02966) - 438725 / 437412', 'secretariaprivada@santacruzpatagonia.gob.ar', 1),
(503, 29, 'Secretaria de Transporte', 'Alvear Nº 625 ', '(02966) - 420189 - 438728', '', 1),
(504, 29, 'Subsecretaria de Coordinacion Administrativa', 'Avellaneda Nº 801', '(02966) 427446 - 429462', '', 1),
(505, 29, 'Fo.Mi.Cruz S.E', 'Alberdi Nº 643', '(02966) 424650 - 426175', 'www.fomicruz.com', 1),
(506, 29, 'Unidad Ejecutora Portuaria Santa Cruz', 'Gobernador Lista Nº 395 ', '(02966) 429344', '', 1),
(507, 29, 'Instituto de Energia Santa Cruz', 'Ricardo Alfonsín Nº 146/148 -', '(02966) - 436653', '', 1),
(508, 29, 'Consejo Provincial de Educacion\r\n', 'Mariano Moreno Nº 576', '(02966) 426744 – 437658', '', 1);

-- --------------------------------------------------------

--
-- Estructura de tabla para la tabla `tiposervicio`
--

DROP TABLE IF EXISTS `tiposervicio`;
CREATE TABLE IF NOT EXISTS `tiposervicio` (
  `id_servicio` int(5) NOT NULL,
  `tipo_servicio` varchar(60) NOT NULL
) ENGINE=MyISAM DEFAULT CHARSET=latin1;

--
-- Volcado de datos para la tabla `tiposervicio`
--

INSERT INTO `tiposervicio` (`id_servicio`, `tipo_servicio`) VALUES
(1, 'Ente de gobierno'),
(2, 'Seguridad'),
(3, 'Salud'),
(4, 'Educacion '),
(5, 'Servicios'),
(6, 'Otro');
COMMIT;

/*!40101 SET CHARACTER_SET_CLIENT=@OLD_CHARACTER_SET_CLIENT */;
/*!40101 SET CHARACTER_SET_RESULTS=@OLD_CHARACTER_SET_RESULTS */;
/*!40101 SET COLLATION_CONNECTION=@OLD_COLLATION_CONNECTION */;
